year,debtorCountry,creditorCountry,series,data
2022,Afghanistan,Italy,DT.DOD.BLAT.CD,22718580
2022,Afghanistan,Bulgaria,DT.DOD.BLAT.CD,4201000
2022,Afghanistan,Russian Federation,DT.DOD.BLAT.CD,849119000
2022,Afghanistan,"Iran, Islamic Republic Of",DT.DOD.BLAT.CD,9139000
2022,Afghanistan,Kuwait,DT.DOD.BLAT.CD,22499591
2022,Afghanistan,Saudi Arabia,DT.DOD.BLAT.CD,79376533
2022,Angola,Belgium,DT.DOD.BLAT.CD,43730
2022,Angola,France,DT.DOD.BLAT.CD,85789837
2022,Angola,Italy,DT.DOD.BLAT.CD,17083732
2022,Angola,Netherlands,DT.DOD.BLAT.CD,2656900
2022,Angola,Portugal,DT.DOD.BLAT.CD,307270000
2022,Angola,Spain,DT.DOD.BLAT.CD,28647000
2022,Angola,Serbia,DT.DOD.BLAT.CD,7546000
2022,Angola,Poland,DT.DOD.BLAT.CD,59972283
2022,Angola,South Africa,DT.DOD.BLAT.CD,303458033
2022,Angola,Canada,DT.DOD.BLAT.CD,302262000
2022,Angola,United States,DT.DOD.BLAT.CD,10858000
2022,Angola,India,DT.DOD.BLAT.CD,15803000
2022,Angola,Japan,DT.DOD.BLAT.CD,499061959
2022,Angola,"Korea, Republic of",DT.DOD.BLAT.CD,231249000
2022,Albania,Austria,DT.DOD.BLAT.CD,8104026
2022,Albania,France,DT.DOD.BLAT.CD,79995000
2022,Albania,"Germany, Fed. Rep. of",DT.DOD.BLAT.CD,325998823
2022,Albania,Italy,DT.DOD.BLAT.CD,155586008
2022,Albania,Greece,DT.DOD.BLAT.CD,661292
2022,Albania,Spain,DT.DOD.BLAT.CD,7686000
2022,Albania,Kuwait,DT.DOD.BLAT.CD,71560202
2022,Albania,Saudi Arabia,DT.DOD.BLAT.CD,24845600
2022,Albania,United Arab Emirates,DT.DOD.BLAT.CD,41725527
2022,Albania,Japan,DT.DOD.BLAT.CD,58175650
2022,Albania,China,DT.DOD.BLAT.CD,1858000
2022,Albania,"Korea, Republic of",DT.DOD.BLAT.CD,13722307
2022,Argentina,Austria,DT.DOD.BLAT.CD,14212000
2022,Argentina,Belgium,DT.DOD.BLAT.CD,2771026
2022,Argentina,Denmark,DT.DOD.BLAT.CD,3207000
2022,Argentina,France,DT.DOD.BLAT.CD,94148800
2022,Argentina,"Germany, Fed. Rep. of",DT.DOD.BLAT.CD,722668430
2022,Argentina,Italy,DT.DOD.BLAT.CD,201866882
2022,Argentina,Netherlands,DT.DOD.BLAT.CD,168420406
2022,Argentina,Sweden,DT.DOD.BLAT.CD,3965000
2022,Argentina,Switzerland,DT.DOD.BLAT.CD,127039263
2022,Argentina,United Kingdom,DT.DOD.BLAT.CD,17263000
2022,Argentina,Spain,DT.DOD.BLAT.CD,189718709
2022,Argentina,Canada,DT.DOD.BLAT.CD,44872000
2022,Argentina,United States,DT.DOD.BLAT.CD,157564000
2022,Argentina,Brazil,DT.DOD.BLAT.CD,32067000
2022,Argentina,Israel,DT.DOD.BLAT.CD,873000
2022,Argentina,Kuwait,DT.DOD.BLAT.CD,81702336
2022,Argentina,United Arab Emirates,DT.DOD.BLAT.CD,73192375
2022,Argentina,Japan,DT.DOD.BLAT.CD,442525442
2022,Armenia,France,DT.DOD.BLAT.CD,221704542
2022,Armenia,"Germany, Fed. Rep. of",DT.DOD.BLAT.CD,510683813
2022,Armenia,Russian Federation,DT.DOD.BLAT.CD,319465000
2022,Armenia,United States,DT.DOD.BLAT.CD,8629000
2022,Armenia,United Arab Emirates,DT.DOD.BLAT.CD,2773859
2022,Armenia,Japan,DT.DOD.BLAT.CD,160150772
2022,Armenia,China,DT.DOD.BLAT.CD,18541797
2022,Azerbaijan,France,DT.DOD.BLAT.CD,255996799
2022,Azerbaijan,"Germany, Fed. Rep. of",DT.DOD.BLAT.CD,84789367
2022,Azerbaijan,Russian Federation,DT.DOD.BLAT.CD,44000000
2022,Azerbaijan,Kuwait,DT.DOD.BLAT.CD,1833033
2022,Azerbaijan,Saudi Arabia,DT.DOD.BLAT.CD,26930400
2022,Azerbaijan,United Arab Emirates,DT.DOD.BLAT.CD,15076650
2022,Azerbaijan,Japan,DT.DOD.BLAT.CD,522811911
2022,Azerbaijan,"Korea, Republic of",DT.DOD.BLAT.CD,64533000
2022,Burundi,Libya,DT.DOD.BLAT.CD,4375000
2022,Burundi,Kuwait,DT.DOD.BLAT.CD,30540761
2022,Burundi,Saudi Arabia,DT.DOD.BLAT.CD,54762666
2022,Burundi,United Arab Emirates,DT.DOD.BLAT.CD,0
2022,Burundi,India,DT.DOD.BLAT.CD,57433000
2022,Burundi,China,DT.DOD.BLAT.CD,43420800
2022,Benin,Denmark,DT.DOD.BLAT.CD,0
2022,Benin,France,DT.DOD.BLAT.CD,122368884
2022,Benin,Norway,DT.DOD.BLAT.CD,1981742
2022,Benin,United Kingdom,DT.DOD.BLAT.CD,57621998
2022,Benin,Brazil,DT.DOD.BLAT.CD,79297000
2022,Benin,Kuwait,DT.DOD.BLAT.CD,39431465
2022,Benin,Saudi Arabia,DT.DOD.BLAT.CD,51923366
2022,Benin,United Arab Emirates,DT.DOD.BLAT.CD,1518856
2022,Benin,India,DT.DOD.BLAT.CD,17114000
2022,Benin,China,DT.DOD.BLAT.CD,296961065
2022,Burkina Faso,Belgium,DT.DOD.BLAT.CD,8209620
2022,Burkina Faso,France,DT.DOD.BLAT.CD,193732957
2022,Burkina Faso,Spain,DT.DOD.BLAT.CD,2431848
2022,Burkina Faso,Libya,DT.DOD.BLAT.CD,6460000
2022,Burkina Faso,"Cote D`Ivoire, Republic Of",DT.DOD.BLAT.CD,47967625
2022,Burkina Faso,Kuwait,DT.DOD.BLAT.CD,44982845
2022,Burkina Faso,Saudi Arabia,DT.DOD.BLAT.CD,42470133
2022,Burkina Faso,United Arab Emirates,DT.DOD.BLAT.CD,4002178
2022,Burkina Faso,India,DT.DOD.BLAT.CD,7845000
2022,Burkina Faso,Japan,DT.DOD.BLAT.CD,7870335
2022,Burkina Faso,China,DT.DOD.BLAT.CD,120132041
2022,Bangladesh,Belgium,DT.DOD.BLAT.CD,0
2022,Bangladesh,Denmark,DT.DOD.BLAT.CD,333845
2022,Bangladesh,France,DT.DOD.BLAT.CD,588805864
2022,Bangladesh,"Germany, Fed. Rep. of",DT.DOD.BLAT.CD,83852892
2022,Bangladesh,Switzerland,DT.DOD.BLAT.CD,551313
2022,Bangladesh,Spain,DT.DOD.BLAT.CD,0
2022,Bangladesh,Belarus,DT.DOD.BLAT.CD,26958000
2022,Bangladesh,Kuwait,DT.DOD.BLAT.CD,181110929
2022,Bangladesh,Saudi Arabia,DT.DOD.BLAT.CD,115997066
2022,Bangladesh,United Arab Emirates,DT.DOD.BLAT.CD,35755207
2022,Bangladesh,India,DT.DOD.BLAT.CD,1166016000
2022,Bangladesh,"Korea, Republic of",DT.DOD.BLAT.CD,785965152
2022,Bulgaria,"Germany, Fed. Rep. of",DT.DOD.BLAT.CD,4600245
2022,Bulgaria,Japan,DT.DOD.BLAT.CD,82789295
2022,Bosnia and Herzegovina,Austria,DT.DOD.BLAT.CD,70191671
2022,Bosnia and Herzegovina,Belgium,DT.DOD.BLAT.CD,4386906
2022,Bosnia and Herzegovina,France,DT.DOD.BLAT.CD,121872601
2022,Bosnia and Herzegovina,"Germany, Fed. Rep. of",DT.DOD.BLAT.CD,104720921
2022,Bosnia and Herzegovina,Italy,DT.DOD.BLAT.CD,28967058
2022,Bosnia and Herzegovina,Portugal,DT.DOD.BLAT.CD,29251505
2022,Bosnia and Herzegovina,Switzerland,DT.DOD.BLAT.CD,21440563
2022,Bosnia and Herzegovina,Spain,DT.DOD.BLAT.CD,28132251
2022,Bosnia and Herzegovina,Serbia,DT.DOD.BLAT.CD,4967156
2022,Bosnia and Herzegovina,Hungary,DT.DOD.BLAT.CD,14376533
2022,Bosnia and Herzegovina,Poland,DT.DOD.BLAT.CD,9706060
2022,Bosnia and Herzegovina,United States,DT.DOD.BLAT.CD,1371000
2022,Bosnia and Herzegovina,Kuwait,DT.DOD.BLAT.CD,32265969
2022,Bosnia and Herzegovina,Saudi Arabia,DT.DOD.BLAT.CD,52730133
2022,Bosnia and Herzegovina,Japan,DT.DOD.BLAT.CD,112263118
2022,Bosnia and Herzegovina,"Korea, Republic of",DT.DOD.BLAT.CD,59348758
2022,Belarus,United States,DT.DOD.BLAT.CD,4966000
2022,Belarus,Kuwait,DT.DOD.BLAT.CD,4901159
2022,Belarus,United Arab Emirates,DT.DOD.BLAT.CD,16514285
2022,Belize,"Venezuela, Republic Bolivarian",DT.DOD.BLAT.CD,214860000
2022,Belize,Kuwait,DT.DOD.BLAT.CD,15856886
2022,Bolivia,France,DT.DOD.BLAT.CD,429692609
2022,Bolivia,"Germany, Fed. Rep. of",DT.DOD.BLAT.CD,65698293
2022,Bolivia,Italy,DT.DOD.BLAT.CD,0
2022,Bolivia,Spain,DT.DOD.BLAT.CD,6428040
2022,Bolivia,Brazil,DT.DOD.BLAT.CD,14752000
2022,Bolivia,"Venezuela, Republic Bolivarian",DT.DOD.BLAT.CD,481000
2022,Bolivia,India,DT.DOD.BLAT.CD,100000000
2022,Bolivia,Japan,DT.DOD.BLAT.CD,3799472
2022,Bolivia,China,DT.DOD.BLAT.CD,1457407831
2022,Bolivia,"Korea, Republic of",DT.DOD.BLAT.CD,39525000
2022,Brazil,France,DT.DOD.BLAT.CD,1424798800
2022,Brazil,"Germany, Fed. Rep. of",DT.DOD.BLAT.CD,593771950
2022,Brazil,Sweden,DT.DOD.BLAT.CD,1884266740
2022,Brazil,Spain,DT.DOD.BLAT.CD,142524705
2022,Brazil,Canada,DT.DOD.BLAT.CD,66000000
2022,Brazil,Japan,DT.DOD.BLAT.CD,661144911
2022,Bhutan,Austria,DT.DOD.BLAT.CD,9616465
2022,Bhutan,India,DT.DOD.BLAT.CD,1893827026
2022,Bhutan,Japan,DT.DOD.BLAT.CD,57474557
2022,Botswana,France,DT.DOD.BLAT.CD,80488
2022,Botswana,Kuwait,DT.DOD.BLAT.CD,3898055
2022,Botswana,Japan,DT.DOD.BLAT.CD,9528835
2022,Botswana,China,DT.DOD.BLAT.CD,0
2022,China,Belgium,DT.DOD.BLAT.CD,0
2022,China,Denmark,DT.DOD.BLAT.CD,0
2022,China,France,DT.DOD.BLAT.CD,73565961
2022,China,"Germany, Fed. Rep. of",DT.DOD.BLAT.CD,190510991
2022,China,Netherlands,DT.DOD.BLAT.CD,375803
2022,China,Spain,DT.DOD.BLAT.CD,21574678
2022,China,Canada,DT.DOD.BLAT.CD,156136972
2022,China,Kuwait,DT.DOD.BLAT.CD,180282597
2022,Cote d'Ivoire,France,DT.DOD.BLAT.CD,1762027466
2022,Cote d'Ivoire,"Germany, Fed. Rep. of",DT.DOD.BLAT.CD,146500709
2022,Cote d'Ivoire,Spain,DT.DOD.BLAT.CD,19891023
2022,Cote d'Ivoire,South Africa,DT.DOD.BLAT.CD,0
2022,Cote d'Ivoire,United States,DT.DOD.BLAT.CD,1933000
2022,Cote d'Ivoire,Kuwait,DT.DOD.BLAT.CD,34491096
2022,Cote d'Ivoire,Saudi Arabia,DT.DOD.BLAT.CD,28647052
2022,Cote d'Ivoire,India,DT.DOD.BLAT.CD,185061000
2022,Cote d'Ivoire,Japan,DT.DOD.BLAT.CD,71503957
2022,Cote d'Ivoire,"Korea, Republic of",DT.DOD.BLAT.CD,29600000
2022,Cameroon,Belgium,DT.DOD.BLAT.CD,12598679
2022,Cameroon,France,DT.DOD.BLAT.CD,1153594029
2022,Cameroon,"Germany, Fed. Rep. of",DT.DOD.BLAT.CD,26769526
2022,Cameroon,Norway,DT.DOD.BLAT.CD,35339657
2022,Cameroon,Switzerland,DT.DOD.BLAT.CD,926076
2022,Cameroon,Spain,DT.DOD.BLAT.CD,3685103
2022,Cameroon,Turkiye,DT.DOD.BLAT.CD,122672000
2022,Cameroon,United States,DT.DOD.BLAT.CD,42531760
2022,Cameroon,Kuwait,DT.DOD.BLAT.CD,20016337
2022,Cameroon,Saudi Arabia,DT.DOD.BLAT.CD,15073600
2022,Cameroon,United Arab Emirates,DT.DOD.BLAT.CD,0
2022,Cameroon,India,DT.DOD.BLAT.CD,110927000
2022,Cameroon,Japan,DT.DOD.BLAT.CD,81522804
2022,Cameroon,"Korea, Republic of",DT.DOD.BLAT.CD,76523385
2022,"Congo, Dem. Rep.",France,DT.DOD.BLAT.CD,28304364
2022,"Congo, Dem. Rep.",Greece,DT.DOD.BLAT.CD,2032000
2022,"Congo, Dem. Rep.",Romania,DT.DOD.BLAT.CD,254000
2022,"Congo, Dem. Rep.",Angola,DT.DOD.BLAT.CD,20000000
2022,"Congo, Dem. Rep.",Burundi,DT.DOD.BLAT.CD,0
2022,"Congo, Dem. Rep.",Namibia,DT.DOD.BLAT.CD,1264892
2022,"Congo, Dem. Rep.",Kuwait,DT.DOD.BLAT.CD,44856995
2022,"Congo, Dem. Rep.",Saudi Arabia,DT.DOD.BLAT.CD,12405600
2022,"Congo, Dem. Rep.",India,DT.DOD.BLAT.CD,153178000
2022,"Congo, Dem. Rep.","Korea, Republic of",DT.DOD.BLAT.CD,64526000
2022,"Congo, Rep.",Belgium,DT.DOD.BLAT.CD,119583992
2022,"Congo, Rep.",France,DT.DOD.BLAT.CD,221779204
2022,"Congo, Rep.",Switzerland,DT.DOD.BLAT.CD,2942749
2022,"Congo, Rep.",Turkiye,DT.DOD.BLAT.CD,58110501
2022,"Congo, Rep.",Russian Federation,DT.DOD.BLAT.CD,31939000
2022,"Congo, Rep.",Libya,DT.DOD.BLAT.CD,10000000
2022,"Congo, Rep.",Angola,DT.DOD.BLAT.CD,28636000
2022,"Congo, Rep.",Brazil,DT.DOD.BLAT.CD,89587000
2022,"Congo, Rep.",Kuwait,DT.DOD.BLAT.CD,54520503
2022,"Congo, Rep.",Saudi Arabia,DT.DOD.BLAT.CD,79405333
2022,"Congo, Rep.",United Arab Emirates,DT.DOD.BLAT.CD,9534104
2022,"Congo, Rep.",India,DT.DOD.BLAT.CD,101133000
2022,"Congo, Rep.",China,DT.DOD.BLAT.CD,2008657946
2022,Colombia,"Germany, Fed. Rep. of",DT.DOD.BLAT.CD,1594859335
2022,Colombia,Spain,DT.DOD.BLAT.CD,51613000
2022,Colombia,United States,DT.DOD.BLAT.CD,1057755000
2022,Colombia,Brazil,DT.DOD.BLAT.CD,98135000
2022,Colombia,Japan,DT.DOD.BLAT.CD,40000000
2022,Colombia,"Korea, Republic of",DT.DOD.BLAT.CD,26874000
2022,Comoros,France,DT.DOD.BLAT.CD,2776359
2022,Comoros,Kuwait,DT.DOD.BLAT.CD,24871753
2022,Comoros,Saudi Arabia,DT.DOD.BLAT.CD,39740000
2022,Comoros,India,DT.DOD.BLAT.CD,27226000
2022,Comoros,China,DT.DOD.BLAT.CD,103279415
2022,Cabo Verde,Austria,DT.DOD.BLAT.CD,8513601
2022,Cabo Verde,Belgium,DT.DOD.BLAT.CD,310380
2022,Cabo Verde,France,DT.DOD.BLAT.CD,48531366
2022,Cabo Verde,Portugal,DT.DOD.BLAT.CD,140363987
2022,Cabo Verde,Spain,DT.DOD.BLAT.CD,36229202
2022,Cabo Verde,Kuwait,DT.DOD.BLAT.CD,13063224
2022,Cabo Verde,Saudi Arabia,DT.DOD.BLAT.CD,16789600
2022,Cabo Verde,Japan,DT.DOD.BLAT.CD,105096117
2022,Cabo Verde,China,DT.DOD.BLAT.CD,27866304
2022,Costa Rica,France,DT.DOD.BLAT.CD,33617282
2022,Costa Rica,"Germany, Fed. Rep. of",DT.DOD.BLAT.CD,12819562
2022,Costa Rica,Spain,DT.DOD.BLAT.CD,23122000
2022,Costa Rica,United States,DT.DOD.BLAT.CD,3662000
2022,Costa Rica,Brazil,DT.DOD.BLAT.CD,2131000
2022,Costa Rica,Japan,DT.DOD.BLAT.CD,222713908
2022,Costa Rica,China,DT.DOD.BLAT.CD,84094474
2022,Djibouti,Belgium,DT.DOD.BLAT.CD,286915
2022,Djibouti,France,DT.DOD.BLAT.CD,2211061
2022,Djibouti,Italy,DT.DOD.BLAT.CD,48968672
2022,Djibouti,Spain,DT.DOD.BLAT.CD,3791000
2022,Djibouti,Turkiye,DT.DOD.BLAT.CD,6954000
2022,Djibouti,"Iran, Islamic Republic Of",DT.DOD.BLAT.CD,9450076
2022,Djibouti,Kuwait,DT.DOD.BLAT.CD,171815062
2022,Djibouti,Saudi Arabia,DT.DOD.BLAT.CD,75649866
2022,Djibouti,United Arab Emirates,DT.DOD.BLAT.CD,11748672
2022,Djibouti,India,DT.DOD.BLAT.CD,38571000
2022,Djibouti,China,DT.DOD.BLAT.CD,1331672704
2022,Dominica,France,DT.DOD.BLAT.CD,14935661
2022,Dominica,United Kingdom,DT.DOD.BLAT.CD,2256000
2022,Dominica,Belize,DT.DOD.BLAT.CD,1000000
2022,Dominica,"Venezuela, Republic Bolivarian",DT.DOD.BLAT.CD,4018000
2022,Dominica,Kuwait,DT.DOD.BLAT.CD,447639
2022,Dominica,China,DT.DOD.BLAT.CD,24472087
2022,Dominican Republic,France,DT.DOD.BLAT.CD,946337682
2022,Dominican Republic,"Germany, Fed. Rep. of",DT.DOD.BLAT.CD,23096796
2022,Dominican Republic,Norway,DT.DOD.BLAT.CD,0
2022,Dominican Republic,Spain,DT.DOD.BLAT.CD,85968611
2022,Dominican Republic,Canada,DT.DOD.BLAT.CD,158788
2022,Dominican Republic,United States,DT.DOD.BLAT.CD,0
2022,Dominican Republic,Brazil,DT.DOD.BLAT.CD,95260200
2022,Dominican Republic,"Venezuela, Republic Bolivarian",DT.DOD.BLAT.CD,61701000
2022,Dominican Republic,Japan,DT.DOD.BLAT.CD,204832265
2022,Dominican Republic,China,DT.DOD.BLAT.CD,707000
2022,Dominican Republic,"Korea, Republic of",DT.DOD.BLAT.CD,30295276
2022,Algeria,Belgium,DT.DOD.BLAT.CD,19439851
2022,Algeria,France,DT.DOD.BLAT.CD,60993521
2022,Algeria,"Germany, Fed. Rep. of",DT.DOD.BLAT.CD,90661
2022,Algeria,Italy,DT.DOD.BLAT.CD,36611045
2022,Algeria,Spain,DT.DOD.BLAT.CD,0
2022,Algeria,Canada,DT.DOD.BLAT.CD,805704
2022,Algeria,Saudi Arabia,DT.DOD.BLAT.CD,6469600
2022,Algeria,Japan,DT.DOD.BLAT.CD,4538258
2022,Algeria,China,DT.DOD.BLAT.CD,66292156
2022,Ecuador,Belgium,DT.DOD.BLAT.CD,2213195
2022,Ecuador,France,DT.DOD.BLAT.CD,642550178
2022,Ecuador,"Germany, Fed. Rep. of",DT.DOD.BLAT.CD,18230327
2022,Ecuador,Italy,DT.DOD.BLAT.CD,8731187
2022,Ecuador,Norway,DT.DOD.BLAT.CD,322113
2022,Ecuador,Spain,DT.DOD.BLAT.CD,247898213
2022,Ecuador,Russian Federation,DT.DOD.BLAT.CD,73084000
2022,Ecuador,Canada,DT.DOD.BLAT.CD,0
2022,Ecuador,United States,DT.DOD.BLAT.CD,4812000
2022,Ecuador,Brazil,DT.DOD.BLAT.CD,14715000
2022,Ecuador,Japan,DT.DOD.BLAT.CD,92355031
2022,Ecuador,"Korea, Republic of",DT.DOD.BLAT.CD,72366283
2022,"Egypt, Arab Rep.",Austria,DT.DOD.BLAT.CD,2890486
2022,"Egypt, Arab Rep.",Belgium,DT.DOD.BLAT.CD,0
2022,"Egypt, Arab Rep.",Denmark,DT.DOD.BLAT.CD,23271564
2022,"Egypt, Arab Rep.",France,DT.DOD.BLAT.CD,1434029834
2022,"Egypt, Arab Rep.",Italy,DT.DOD.BLAT.CD,40857235
2022,"Egypt, Arab Rep.",Netherlands,DT.DOD.BLAT.CD,33286452
2022,"Egypt, Arab Rep.",Norway,DT.DOD.BLAT.CD,0
2022,"Egypt, Arab Rep.",Switzerland,DT.DOD.BLAT.CD,19496
2022,"Egypt, Arab Rep.",United Kingdom,DT.DOD.BLAT.CD,51288862
2022,"Egypt, Arab Rep.",Spain,DT.DOD.BLAT.CD,261286535
2022,"Egypt, Arab Rep.",Hungary,DT.DOD.BLAT.CD,402142331
2022,"Egypt, Arab Rep.",Russian Federation,DT.DOD.BLAT.CD,1815356119
2022,"Egypt, Arab Rep.",Canada,DT.DOD.BLAT.CD,514553031
2022,"Egypt, Arab Rep.",United States,DT.DOD.BLAT.CD,137155000
2022,"Egypt, Arab Rep.","Korea, Republic of",DT.DOD.BLAT.CD,256634356
2022,Eritrea,Italy,DT.DOD.BLAT.CD,37091773
2022,Eritrea,United States,DT.DOD.BLAT.CD,28050000
2022,Eritrea,Kuwait,DT.DOD.BLAT.CD,5260578
2022,Eritrea,Saudi Arabia,DT.DOD.BLAT.CD,5307000
2022,Eritrea,United Arab Emirates,DT.DOD.BLAT.CD,7990197
2022,Eritrea,India,DT.DOD.BLAT.CD,4944000
2022,Eritrea,China,DT.DOD.BLAT.CD,12808760
2022,Ethiopia,France,DT.DOD.BLAT.CD,246851770
2022,Ethiopia,"Germany, Fed. Rep. of",DT.DOD.BLAT.CD,15767547
2022,Ethiopia,Italy,DT.DOD.BLAT.CD,131178983
2022,Ethiopia,Turkiye,DT.DOD.BLAT.CD,150000000
2022,Ethiopia,Serbia,DT.DOD.BLAT.CD,101332000
2022,Ethiopia,Czechia,DT.DOD.BLAT.CD,63904
2022,Ethiopia,Bulgaria,DT.DOD.BLAT.CD,8066000
2022,Ethiopia,Poland,DT.DOD.BLAT.CD,93514000
2022,Ethiopia,Russian Federation,DT.DOD.BLAT.CD,162200000
2022,Ethiopia,Libya,DT.DOD.BLAT.CD,237287000
2022,Ethiopia,Canada,DT.DOD.BLAT.CD,0
2022,Ethiopia,Kuwait,DT.DOD.BLAT.CD,76837118
2022,Ethiopia,Saudi Arabia,DT.DOD.BLAT.CD,60639200
2022,Ethiopia,United Arab Emirates,DT.DOD.BLAT.CD,1939006
2022,Ethiopia,India,DT.DOD.BLAT.CD,320868000
2022,Ethiopia,Japan,DT.DOD.BLAT.CD,49491142
2022,Ethiopia,"Korea, Republic of",DT.DOD.BLAT.CD,228927644
2022,Fiji,India,DT.DOD.BLAT.CD,32683000
2022,Fiji,Japan,DT.DOD.BLAT.CD,189408217
2022,Fiji,China,DT.DOD.BLAT.CD,177689665
2022,Gabon,France,DT.DOD.BLAT.CD,497113461
2022,Gabon,India,DT.DOD.BLAT.CD,725000
2022,Gabon,China,DT.DOD.BLAT.CD,903144455
2022,Georgia,Austria,DT.DOD.BLAT.CD,10846000
2022,Georgia,France,DT.DOD.BLAT.CD,654809205
2022,Georgia,"Germany, Fed. Rep. of",DT.DOD.BLAT.CD,627419539
2022,Georgia,Netherlands,DT.DOD.BLAT.CD,70395
2022,Georgia,Turkiye,DT.DOD.BLAT.CD,10738000
2022,Georgia,Russian Federation,DT.DOD.BLAT.CD,25435000
2022,Georgia,Armenia,DT.DOD.BLAT.CD,2858000
2022,Georgia,United States,DT.DOD.BLAT.CD,12107000
2022,Georgia,Azerbaijan,DT.DOD.BLAT.CD,3240000
2022,Georgia,Kazakhstan,DT.DOD.BLAT.CD,3524000
2022,Georgia,Turkmenistan,DT.DOD.BLAT.CD,211000
2022,Georgia,"Iran, Islamic Republic Of",DT.DOD.BLAT.CD,2363000
2022,Georgia,Kuwait,DT.DOD.BLAT.CD,12311713
2022,Georgia,Japan,DT.DOD.BLAT.CD,156057293
2022,Georgia,China,DT.DOD.BLAT.CD,0
2022,Ghana,Austria,DT.DOD.BLAT.CD,0
2022,Ghana,Belgium,DT.DOD.BLAT.CD,27213598
2022,Ghana,France,DT.DOD.BLAT.CD,267648337
2022,Ghana,"Germany, Fed. Rep. of",DT.DOD.BLAT.CD,281033101
2022,Ghana,Italy,DT.DOD.BLAT.CD,21287202
2022,Ghana,Spain,DT.DOD.BLAT.CD,11163035
2022,Ghana,Turkiye,DT.DOD.BLAT.CD,71105000
2022,Ghana,Czechia,DT.DOD.BLAT.CD,30053588
2022,Ghana,Egypt,DT.DOD.BLAT.CD,211950000
2022,Ghana,Nigeria,DT.DOD.BLAT.CD,871000
2022,Ghana,United States,DT.DOD.BLAT.CD,148426000
2022,Ghana,Brazil,DT.DOD.BLAT.CD,855000
2022,Ghana,Kuwait,DT.DOD.BLAT.CD,50795621
2022,Ghana,Saudi Arabia,DT.DOD.BLAT.CD,19269866
2022,Ghana,India,DT.DOD.BLAT.CD,474539000
2022,Ghana,Japan,DT.DOD.BLAT.CD,0
2022,Ghana,China,DT.DOD.BLAT.CD,1641773494
2022,Ghana,"Korea, Republic of",DT.DOD.BLAT.CD,160338426
2022,Guinea,Belgium,DT.DOD.BLAT.CD,859679
2022,Guinea,France,DT.DOD.BLAT.CD,78711880
2022,Guinea,Italy,DT.DOD.BLAT.CD,6826240
2022,Guinea,Bulgaria,DT.DOD.BLAT.CD,8003000
2022,Guinea,Romania,DT.DOD.BLAT.CD,1359000
2022,Guinea,Libya,DT.DOD.BLAT.CD,20000000
2022,Guinea,Morocco,DT.DOD.BLAT.CD,7000000
2022,Guinea,Angola,DT.DOD.BLAT.CD,104391000
2022,Guinea,"Congo, Rep.",DT.DOD.BLAT.CD,45762000
2022,Guinea,Iraq,DT.DOD.BLAT.CD,3000000
2022,Guinea,Kuwait,DT.DOD.BLAT.CD,77951315
2022,Guinea,Qatar,DT.DOD.BLAT.CD,52708000
2022,Guinea,Saudi Arabia,DT.DOD.BLAT.CD,111173600
2022,Guinea,India,DT.DOD.BLAT.CD,49465000
2022,Guinea,China,DT.DOD.BLAT.CD,1264301371
2022,Guinea,"Korea, Republic of",DT.DOD.BLAT.CD,961819
2022,Guinea,Thailand,DT.DOD.BLAT.CD,1290000
2022,"Gambia, The",Belgium,DT.DOD.BLAT.CD,421307
2022,"Gambia, The",Libya,DT.DOD.BLAT.CD,3950000
2022,"Gambia, The","Venezuela, Republic Bolivarian",DT.DOD.BLAT.CD,18749000
2022,"Gambia, The",Kuwait,DT.DOD.BLAT.CD,64015683
2022,"Gambia, The",Saudi Arabia,DT.DOD.BLAT.CD,103637333
2022,"Gambia, The",United Arab Emirates,DT.DOD.BLAT.CD,16950034
2022,"Gambia, The",India,DT.DOD.BLAT.CD,64350000
2022,"Gambia, The",China,DT.DOD.BLAT.CD,25050100
2022,Guinea-Bissau,Russian Federation,DT.DOD.BLAT.CD,1500000
2022,Guinea-Bissau,Libya,DT.DOD.BLAT.CD,4309000
2022,Guinea-Bissau,Angola,DT.DOD.BLAT.CD,49146000
2022,Guinea-Bissau,Brazil,DT.DOD.BLAT.CD,1900000
2022,Guinea-Bissau,Kuwait,DT.DOD.BLAT.CD,30463159
2022,Guinea-Bissau,Saudi Arabia,DT.DOD.BLAT.CD,14747466
2022,Guinea-Bissau,India,DT.DOD.BLAT.CD,20017000
2022,Guinea-Bissau,Pakistan,DT.DOD.BLAT.CD,2211000
2022,Grenada,Austria,DT.DOD.BLAT.CD,6712000
2022,Grenada,France,DT.DOD.BLAT.CD,2858900
2022,Grenada,"Germany, Fed. Rep. of",DT.DOD.BLAT.CD,3395000
2022,Grenada,United Kingdom,DT.DOD.BLAT.CD,1141632
2022,Grenada,Russian Federation,DT.DOD.BLAT.CD,0
2022,Grenada,Algeria,DT.DOD.BLAT.CD,612000
2022,Grenada,Libya,DT.DOD.BLAT.CD,5000000
2022,Grenada,United States,DT.DOD.BLAT.CD,2261000
2022,Grenada,Barbados,DT.DOD.BLAT.CD,2249000
2022,Grenada,Trinidad & Tobago,DT.DOD.BLAT.CD,29903000
2022,Grenada,"Venezuela, Republic Bolivarian",DT.DOD.BLAT.CD,1384000
2022,Grenada,Kuwait,DT.DOD.BLAT.CD,8093448
2022,Grenada,China,DT.DOD.BLAT.CD,23764242
2022,Guatemala,"Germany, Fed. Rep. of",DT.DOD.BLAT.CD,40781451
2022,Guatemala,Spain,DT.DOD.BLAT.CD,4691000
2022,Guatemala,Canada,DT.DOD.BLAT.CD,316106
2022,Guatemala,United States,DT.DOD.BLAT.CD,924000
2022,Guatemala,Brazil,DT.DOD.BLAT.CD,83887000
2022,Guatemala,Japan,DT.DOD.BLAT.CD,119540143
2022,Guatemala,China,DT.DOD.BLAT.CD,48300000
2022,Guyana,Italy,DT.DOD.BLAT.CD,1863350
2022,Guyana,United Kingdom,DT.DOD.BLAT.CD,30383382
2022,Guyana,Serbia,DT.DOD.BLAT.CD,588000
2022,Guyana,Libya,DT.DOD.BLAT.CD,15000000
2022,Guyana,United States,DT.DOD.BLAT.CD,337000
2022,Guyana,Argentina,DT.DOD.BLAT.CD,4515000
2022,Guyana,"Venezuela, Republic Bolivarian",DT.DOD.BLAT.CD,94902000
2022,Guyana,Kuwait,DT.DOD.BLAT.CD,18854000
2022,Guyana,United Arab Emirates,DT.DOD.BLAT.CD,3241388
2022,Guyana,India,DT.DOD.BLAT.CD,25062000
2022,Guyana,China,DT.DOD.BLAT.CD,520331686
2022,Honduras,France,DT.DOD.BLAT.CD,0
2022,Honduras,"Germany, Fed. Rep. of",DT.DOD.BLAT.CD,51211732
2022,Honduras,Italy,DT.DOD.BLAT.CD,64453024
2022,Honduras,Switzerland,DT.DOD.BLAT.CD,1753587
2022,Honduras,Spain,DT.DOD.BLAT.CD,54543909
2022,Honduras,United States,DT.DOD.BLAT.CD,1204000
2022,Honduras,Brazil,DT.DOD.BLAT.CD,32165000
2022,Honduras,"Venezuela, Republic Bolivarian",DT.DOD.BLAT.CD,131412000
2022,Honduras,Kuwait,DT.DOD.BLAT.CD,31151772
2022,Honduras,India,DT.DOD.BLAT.CD,14442000
2022,Honduras,Japan,DT.DOD.BLAT.CD,89777610
2022,Honduras,China,DT.DOD.BLAT.CD,146500000
2022,Honduras,"Korea, Republic of",DT.DOD.BLAT.CD,45375000
2022,Haiti,"Venezuela, Republic Bolivarian",DT.DOD.BLAT.CD,1839667000
2022,Indonesia,Austria,DT.DOD.BLAT.CD,24078495
2022,Indonesia,Belgium,DT.DOD.BLAT.CD,4552248
2022,Indonesia,Denmark,DT.DOD.BLAT.CD,141562
2022,Indonesia,France,DT.DOD.BLAT.CD,1511211081
2022,Indonesia,Netherlands,DT.DOD.BLAT.CD,4753836
2022,Indonesia,Norway,DT.DOD.BLAT.CD,81328000
2022,Indonesia,Switzerland,DT.DOD.BLAT.CD,21071215
2022,Indonesia,United Kingdom,DT.DOD.BLAT.CD,21072000
2022,Indonesia,Spain,DT.DOD.BLAT.CD,127892096
2022,Indonesia,Czechia,DT.DOD.BLAT.CD,104380000
2022,Indonesia,Hungary,DT.DOD.BLAT.CD,36441000
2022,Indonesia,Russian Federation,DT.DOD.BLAT.CD,108818000
2022,Indonesia,Canada,DT.DOD.BLAT.CD,51749819
2022,Indonesia,United States,DT.DOD.BLAT.CD,95497036
2022,Indonesia,Saudi Arabia,DT.DOD.BLAT.CD,73307733
2022,Indonesia,China,DT.DOD.BLAT.CD,1468114085
2022,Indonesia,"Korea, Republic of",DT.DOD.BLAT.CD,856472240
2022,Indonesia,Australia,DT.DOD.BLAT.CD,1056023655
2022,India,France,DT.DOD.BLAT.CD,1077012149
2022,India,Italy,DT.DOD.BLAT.CD,296514
2022,India,Sweden,DT.DOD.BLAT.CD,140875346
2022,India,United Kingdom,DT.DOD.BLAT.CD,20268000
2022,India,Spain,DT.DOD.BLAT.CD,0
2022,India,Canada,DT.DOD.BLAT.CD,6892000
2022,India,United States,DT.DOD.BLAT.CD,37874000
2022,"Iran, Islamic Rep.",Russian Federation,DT.DOD.BLAT.CD,5452459
2022,"Iran, Islamic Rep.",Canada,DT.DOD.BLAT.CD,5968536
2022,"Iran, Islamic Rep.",India,DT.DOD.BLAT.CD,52382764
2022,"Iran, Islamic Rep.",Japan,DT.DOD.BLAT.CD,10674707
2022,"Iran, Islamic Rep.",China,DT.DOD.BLAT.CD,6073000
2022,Iraq,Austria,DT.DOD.BLAT.CD,171514613
2022,Iraq,Belgium,DT.DOD.BLAT.CD,32352000
2022,Iraq,France,DT.DOD.BLAT.CD,978473754
2022,Iraq,"Germany, Fed. Rep. of",DT.DOD.BLAT.CD,617101695
2022,Iraq,Italy,DT.DOD.BLAT.CD,380621855
2022,Iraq,Netherlands,DT.DOD.BLAT.CD,26560000
2022,Iraq,Sweden,DT.DOD.BLAT.CD,27510000
2022,Iraq,Switzerland,DT.DOD.BLAT.CD,50629177
2022,Iraq,United Kingdom,DT.DOD.BLAT.CD,140925000
2022,Iraq,Finland,DT.DOD.BLAT.CD,141019000
2022,Iraq,Greece,DT.DOD.BLAT.CD,103242000
2022,Iraq,Spain,DT.DOD.BLAT.CD,49492000
2022,Iraq,Serbia,DT.DOD.BLAT.CD,105561000
2022,Iraq,Czechia,DT.DOD.BLAT.CD,24031000
2022,Iraq,Hungary,DT.DOD.BLAT.CD,19504000
2022,Iraq,Romania,DT.DOD.BLAT.CD,213781000
2022,Iraq,Russian Federation,DT.DOD.BLAT.CD,391333000
2022,Iraq,South Africa,DT.DOD.BLAT.CD,13949000
2022,Iraq,Canada,DT.DOD.BLAT.CD,46973000
2022,Iraq,United States,DT.DOD.BLAT.CD,1232102000
2022,Iraq,Kuwait,DT.DOD.BLAT.CD,35941839
2022,Iraq,China,DT.DOD.BLAT.CD,645650000
2022,Iraq,Indonesia,DT.DOD.BLAT.CD,303000
2022,Iraq,"Korea, Republic of",DT.DOD.BLAT.CD,17095000
2022,Iraq,Malaysia,DT.DOD.BLAT.CD,421000
2022,Iraq,Australia,DT.DOD.BLAT.CD,86302000
2022,Jamaica,Belgium,DT.DOD.BLAT.CD,1718292
2022,Jamaica,"Germany, Fed. Rep. of",DT.DOD.BLAT.CD,6323871
2022,Jamaica,Netherlands,DT.DOD.BLAT.CD,386109
2022,Jamaica,Canada,DT.DOD.BLAT.CD,2928000
2022,Jamaica,United States,DT.DOD.BLAT.CD,1205000
2022,Jamaica,"Venezuela, Republic Bolivarian",DT.DOD.BLAT.CD,937000
2022,Jamaica,Iraq,DT.DOD.BLAT.CD,5880000
2022,Jamaica,Kuwait,DT.DOD.BLAT.CD,0
2022,Jamaica,Japan,DT.DOD.BLAT.CD,3004000
2022,Jamaica,China,DT.DOD.BLAT.CD,613506585
2022,Jordan,Denmark,DT.DOD.BLAT.CD,135681
2022,Jordan,France,DT.DOD.BLAT.CD,1012673684
2022,Jordan,"Germany, Fed. Rep. of",DT.DOD.BLAT.CD,696520731
2022,Jordan,Italy,DT.DOD.BLAT.CD,97469107
2022,Jordan,Spain,DT.DOD.BLAT.CD,32072315
2022,Jordan,United States,DT.DOD.BLAT.CD,14990000
2022,Jordan,"Iran, Islamic Republic Of",DT.DOD.BLAT.CD,16877000
2022,Jordan,Iraq,DT.DOD.BLAT.CD,217
2022,Jordan,Kuwait,DT.DOD.BLAT.CD,334399607
2022,Jordan,Saudi Arabia,DT.DOD.BLAT.CD,243207200
2022,Jordan,United Arab Emirates,DT.DOD.BLAT.CD,288497902
2022,Jordan,Japan,DT.DOD.BLAT.CD,1095843323
2022,Jordan,China,DT.DOD.BLAT.CD,48686945
2022,Jordan,"Korea, Republic of",DT.DOD.BLAT.CD,177031798
2022,Kazakhstan,"Germany, Fed. Rep. of",DT.DOD.BLAT.CD,6859304
2022,Kazakhstan,Kuwait,DT.DOD.BLAT.CD,1842836
2022,Kazakhstan,Japan,DT.DOD.BLAT.CD,249460987
2022,Kazakhstan,China,DT.DOD.BLAT.CD,1708517662
2022,Kenya,Austria,DT.DOD.BLAT.CD,2729429
2022,Kenya,Belgium,DT.DOD.BLAT.CD,94370634
2022,Kenya,Denmark,DT.DOD.BLAT.CD,3497317
2022,Kenya,France,DT.DOD.BLAT.CD,792324018
2022,Kenya,"Germany, Fed. Rep. of",DT.DOD.BLAT.CD,349326824
2022,Kenya,Italy,DT.DOD.BLAT.CD,9033035
2022,Kenya,Finland,DT.DOD.BLAT.CD,6336670
2022,Kenya,Spain,DT.DOD.BLAT.CD,100676765
2022,Kenya,United States,DT.DOD.BLAT.CD,472166000
2022,Kenya,Kuwait,DT.DOD.BLAT.CD,11050482
2022,Kenya,Saudi Arabia,DT.DOD.BLAT.CD,23169333
2022,Kenya,United Arab Emirates,DT.DOD.BLAT.CD,9327705
2022,Kenya,India,DT.DOD.BLAT.CD,61488000
2022,Kenya,Japan,DT.DOD.BLAT.CD,1448661892
2022,Kenya,"Korea, Republic of",DT.DOD.BLAT.CD,49722697
2022,Kyrgyz Republic,Denmark,DT.DOD.BLAT.CD,2274000
2022,Kyrgyz Republic,France,DT.DOD.BLAT.CD,4050946
2022,Kyrgyz Republic,"Germany, Fed. Rep. of",DT.DOD.BLAT.CD,71100622
2022,Kyrgyz Republic,Turkiye,DT.DOD.BLAT.CD,74676000
2022,Kyrgyz Republic,Kuwait,DT.DOD.BLAT.CD,8067309
2022,Kyrgyz Republic,Saudi Arabia,DT.DOD.BLAT.CD,49683466
2022,Kyrgyz Republic,United Arab Emirates,DT.DOD.BLAT.CD,8823961
2022,Kyrgyz Republic,Japan,DT.DOD.BLAT.CD,179487372
2022,Kyrgyz Republic,China,DT.DOD.BLAT.CD,1782227091
2022,Kyrgyz Republic,"Korea, Republic of",DT.DOD.BLAT.CD,11905129
2022,Cambodia,France,DT.DOD.BLAT.CD,493638479
2022,Cambodia,"Germany, Fed. Rep. of",DT.DOD.BLAT.CD,376509
2022,Cambodia,Russian Federation,DT.DOD.BLAT.CD,457776000
2022,Cambodia,United States,DT.DOD.BLAT.CD,162269000
2022,Cambodia,India,DT.DOD.BLAT.CD,11145000
2022,Cambodia,Japan,DT.DOD.BLAT.CD,1113147380
2022,Cambodia,"Korea, Republic of",DT.DOD.BLAT.CD,527259985
2022,Cambodia,Thailand,DT.DOD.BLAT.CD,48796177
2022,Cambodia,Viet Nam,DT.DOD.BLAT.CD,12490000
2022,Latin America & Caribbean (excluding high income),Austria,DT.DOD.BLAT.CD,20924000
2022,Latin America & Caribbean (excluding high income),Belgium,DT.DOD.BLAT.CD,6702514
2022,Latin America & Caribbean (excluding high income),Denmark,DT.DOD.BLAT.CD,3207000
2022,Latin America & Caribbean (excluding high income),Italy,DT.DOD.BLAT.CD,295578878
2022,Latin America & Caribbean (excluding high income),Netherlands,DT.DOD.BLAT.CD,182050487
2022,Latin America & Caribbean (excluding high income),Norway,DT.DOD.BLAT.CD,322113
2022,Latin America & Caribbean (excluding high income),Sweden,DT.DOD.BLAT.CD,1888231740
2022,Latin America & Caribbean (excluding high income),Switzerland,DT.DOD.BLAT.CD,128792851
2022,Latin America & Caribbean (excluding high income),United Kingdom,DT.DOD.BLAT.CD,23046632
2022,Latin America & Caribbean (excluding high income),Spain,DT.DOD.BLAT.CD,1074055559
2022,Latin America & Caribbean (excluding high income),Russian Federation,DT.DOD.BLAT.CD,73084000
2022,Latin America & Caribbean (excluding high income),Algeria,DT.DOD.BLAT.CD,612000
2022,Latin America & Caribbean (excluding high income),Libya,DT.DOD.BLAT.CD,86347000
2022,Latin America & Caribbean (excluding high income),Canada,DT.DOD.BLAT.CD,121811490
2022,Latin America & Caribbean (excluding high income),United States,DT.DOD.BLAT.CD,1266844000
2022,Latin America & Caribbean (excluding high income),Barbados,DT.DOD.BLAT.CD,2249000
2022,Latin America & Caribbean (excluding high income),Costa Rica,DT.DOD.BLAT.CD,315316000
2022,Latin America & Caribbean (excluding high income),Honduras,DT.DOD.BLAT.CD,118637000
2022,Latin America & Caribbean (excluding high income),Belize,DT.DOD.BLAT.CD,1000000
2022,Latin America & Caribbean (excluding high income),Trinidad & Tobago,DT.DOD.BLAT.CD,40650609
2022,Latin America & Caribbean (excluding high income),Brazil,DT.DOD.BLAT.CD,373112200
2022,Latin America & Caribbean (excluding high income),Peru,DT.DOD.BLAT.CD,16563000
2022,Latin America & Caribbean (excluding high income),"Iran, Islamic Republic Of",DT.DOD.BLAT.CD,44985000
2022,Latin America & Caribbean (excluding high income),Iraq,DT.DOD.BLAT.CD,5880000
2022,Latin America & Caribbean (excluding high income),Israel,DT.DOD.BLAT.CD,1143916
2022,Latin America & Caribbean (excluding high income),Kuwait,DT.DOD.BLAT.CD,179045907
2022,Latin America & Caribbean (excluding high income),United Arab Emirates,DT.DOD.BLAT.CD,85677059
2022,Latin America & Caribbean (excluding high income),India,DT.DOD.BLAT.CD,198843000
2022,Latin America & Caribbean (excluding high income),"Korea, Republic of",DT.DOD.BLAT.CD,402763813
2022,Lao PDR,Netherlands,DT.DOD.BLAT.CD,0
2022,Lao PDR,Sweden,DT.DOD.BLAT.CD,4022613
2022,Lao PDR,Hungary,DT.DOD.BLAT.CD,125724000
2022,Lao PDR,Russian Federation,DT.DOD.BLAT.CD,247779000
2022,Lao PDR,Kuwait,DT.DOD.BLAT.CD,18885802
2022,Lao PDR,India,DT.DOD.BLAT.CD,52999000
2022,Lao PDR,Japan,DT.DOD.BLAT.CD,163264229
2022,Lao PDR,"Korea, Republic of",DT.DOD.BLAT.CD,265679128
2022,Lao PDR,Malaysia,DT.DOD.BLAT.CD,62500000
2022,Lao PDR,Thailand,DT.DOD.BLAT.CD,612385084
2022,Lebanon,Belgium,DT.DOD.BLAT.CD,113059
2022,Lebanon,France,DT.DOD.BLAT.CD,43390354
2022,Lebanon,"Germany, Fed. Rep. of",DT.DOD.BLAT.CD,11710201
2022,Lebanon,Italy,DT.DOD.BLAT.CD,23468399
2022,Lebanon,Kuwait,DT.DOD.BLAT.CD,249387354
2022,Lebanon,Saudi Arabia,DT.DOD.BLAT.CD,53065333
2022,Lebanon,United Arab Emirates,DT.DOD.BLAT.CD,1333424
2022,Lebanon,Japan,DT.DOD.BLAT.CD,0
2022,Lebanon,China,DT.DOD.BLAT.CD,7157171
2022,Liberia,Kuwait,DT.DOD.BLAT.CD,20248900
2022,Liberia,Saudi Arabia,DT.DOD.BLAT.CD,36903733
2022,Liberia,United Arab Emirates,DT.DOD.BLAT.CD,0
2022,Liberia,India,DT.DOD.BLAT.CD,1260000
2022,Liberia,China,DT.DOD.BLAT.CD,53698233
2022,St. Lucia,France,DT.DOD.BLAT.CD,1092198
2022,St. Lucia,Trinidad & Tobago,DT.DOD.BLAT.CD,7000000
2022,St. Lucia,Kuwait,DT.DOD.BLAT.CD,3849044
2022,Sri Lanka,France,DT.DOD.BLAT.CD,197850243
2022,Sri Lanka,"Germany, Fed. Rep. of",DT.DOD.BLAT.CD,196894360
2022,Sri Lanka,Sweden,DT.DOD.BLAT.CD,34652000
2022,Sri Lanka,Spain,DT.DOD.BLAT.CD,77615415
2022,Sri Lanka,Hungary,DT.DOD.BLAT.CD,46598687
2022,Sri Lanka,Russian Federation,DT.DOD.BLAT.CD,35416000
2022,Sri Lanka,Canada,DT.DOD.BLAT.CD,18201867
2022,Sri Lanka,United States,DT.DOD.BLAT.CD,124995000
2022,Sri Lanka,"Iran, Islamic Republic Of",DT.DOD.BLAT.CD,32903000
2022,Sri Lanka,Kuwait,DT.DOD.BLAT.CD,95755595
2022,Sri Lanka,Saudi Arabia,DT.DOD.BLAT.CD,139417866
2022,Sri Lanka,India,DT.DOD.BLAT.CD,1904529000
2022,Sri Lanka,Pakistan,DT.DOD.BLAT.CD,1629000
2022,Sri Lanka,"Korea, Republic of",DT.DOD.BLAT.CD,363516335
2022,Sri Lanka,Australia,DT.DOD.BLAT.CD,6882000
2022,Lesotho,South Africa,DT.DOD.BLAT.CD,10409545
2022,Lesotho,Kuwait,DT.DOD.BLAT.CD,20963894
2022,Lesotho,Saudi Arabia,DT.DOD.BLAT.CD,17804533
2022,Lesotho,United Arab Emirates,DT.DOD.BLAT.CD,8751259
2022,Lesotho,India,DT.DOD.BLAT.CD,1791000
2022,Lesotho,China,DT.DOD.BLAT.CD,162593186
2022,Morocco,Italy,DT.DOD.BLAT.CD,157210440
2022,Morocco,Netherlands,DT.DOD.BLAT.CD,78485761
2022,Morocco,Portugal,DT.DOD.BLAT.CD,150230610
2022,Morocco,Finland,DT.DOD.BLAT.CD,8854913
2022,Morocco,Spain,DT.DOD.BLAT.CD,247106962
2022,Morocco,Canada,DT.DOD.BLAT.CD,42381466
2022,Morocco,United States,DT.DOD.BLAT.CD,13019000
2022,Morocco,Kuwait,DT.DOD.BLAT.CD,287407286
2022,Morocco,Saudi Arabia,DT.DOD.BLAT.CD,249184266
2022,Morocco,United Arab Emirates,DT.DOD.BLAT.CD,86010891
2022,Morocco,Japan,DT.DOD.BLAT.CD,859645684
2022,Morocco,China,DT.DOD.BLAT.CD,366045260
2022,Moldova,France,DT.DOD.BLAT.CD,79995000
2022,Moldova,"Germany, Fed. Rep. of",DT.DOD.BLAT.CD,5099414
2022,Moldova,Poland,DT.DOD.BLAT.CD,21791704
2022,Moldova,Romania,DT.DOD.BLAT.CD,0
2022,Moldova,Russian Federation,DT.DOD.BLAT.CD,14500000
2022,Moldova,United States,DT.DOD.BLAT.CD,12809000
2022,Moldova,Japan,DT.DOD.BLAT.CD,52182435
2022,Madagascar,Belgium,DT.DOD.BLAT.CD,6139349
2022,Madagascar,France,DT.DOD.BLAT.CD,142992662
2022,Madagascar,Spain,DT.DOD.BLAT.CD,1381247
2022,Madagascar,Russian Federation,DT.DOD.BLAT.CD,26674000
2022,Madagascar,Algeria,DT.DOD.BLAT.CD,73720000
2022,Madagascar,Angola,DT.DOD.BLAT.CD,3000000
2022,Madagascar,Kuwait,DT.DOD.BLAT.CD,17056036
2022,Madagascar,Saudi Arabia,DT.DOD.BLAT.CD,24283466
2022,Madagascar,United Arab Emirates,DT.DOD.BLAT.CD,0
2022,Madagascar,India,DT.DOD.BLAT.CD,9677000
2022,Madagascar,Japan,DT.DOD.BLAT.CD,120618168
2022,Madagascar,China,DT.DOD.BLAT.CD,314300069
2022,Madagascar,"Korea, Republic of",DT.DOD.BLAT.CD,36334000
2022,Maldives,Belgium,DT.DOD.BLAT.CD,2026540
2022,Maldives,France,DT.DOD.BLAT.CD,10107101
2022,Maldives,United States,DT.DOD.BLAT.CD,475000
2022,Maldives,Kuwait,DT.DOD.BLAT.CD,45626531
2022,Maldives,Saudi Arabia,DT.DOD.BLAT.CD,112947200
2022,Maldives,United Arab Emirates,DT.DOD.BLAT.CD,3401497
2022,Maldives,India,DT.DOD.BLAT.CD,323620000
2022,Maldives,Japan,DT.DOD.BLAT.CD,52845834
2022,Maldives,China,DT.DOD.BLAT.CD,915605071
2022,Mexico,France,DT.DOD.BLAT.CD,1609613526
2022,Mexico,"Germany, Fed. Rep. of",DT.DOD.BLAT.CD,571739291
2022,Mexico,Spain,DT.DOD.BLAT.CD,283000
2022,Mexico,Canada,DT.DOD.BLAT.CD,7536595
2022,Mexico,Japan,DT.DOD.BLAT.CD,173968000
2022,North Macedonia,Austria,DT.DOD.BLAT.CD,0
2022,North Macedonia,"Germany, Fed. Rep. of",DT.DOD.BLAT.CD,70505459
2022,North Macedonia,Italy,DT.DOD.BLAT.CD,0
2022,North Macedonia,Spain,DT.DOD.BLAT.CD,4646109
2022,North Macedonia,Serbia,DT.DOD.BLAT.CD,300781
2022,North Macedonia,United States,DT.DOD.BLAT.CD,533000
2022,North Macedonia,Japan,DT.DOD.BLAT.CD,23678854
2022,North Macedonia,China,DT.DOD.BLAT.CD,517645000
2022,Mali,Austria,DT.DOD.BLAT.CD,4053080
2022,Mali,Belgium,DT.DOD.BLAT.CD,7574993
2022,Mali,France,DT.DOD.BLAT.CD,339723021
2022,Mali,Italy,DT.DOD.BLAT.CD,6965324
2022,Mali,Libya,DT.DOD.BLAT.CD,25063333
2022,Mali,"Cote D`Ivoire, Republic Of",DT.DOD.BLAT.CD,0
2022,Mali,Iraq,DT.DOD.BLAT.CD,3956000
2022,Mali,Kuwait,DT.DOD.BLAT.CD,57093067
2022,Mali,Qatar,DT.DOD.BLAT.CD,3920000
2022,Mali,Saudi Arabia,DT.DOD.BLAT.CD,132845866
2022,Mali,United Arab Emirates,DT.DOD.BLAT.CD,311743226
2022,Mali,India,DT.DOD.BLAT.CD,129877092
2022,Mali,China,DT.DOD.BLAT.CD,531869646
2022,Mali,"Korea, Republic of",DT.DOD.BLAT.CD,80010634
2022,Myanmar,Austria,DT.DOD.BLAT.CD,85013353
2022,Myanmar,France,DT.DOD.BLAT.CD,309402527
2022,Myanmar,"Germany, Fed. Rep. of",DT.DOD.BLAT.CD,460090709
2022,Myanmar,Italy,DT.DOD.BLAT.CD,29331500
2022,Myanmar,Netherlands,DT.DOD.BLAT.CD,5546320
2022,Myanmar,United Kingdom,DT.DOD.BLAT.CD,22071410
2022,Myanmar,Finland,DT.DOD.BLAT.CD,1788535
2022,Myanmar,Czechia,DT.DOD.BLAT.CD,74621000
2022,Myanmar,Poland,DT.DOD.BLAT.CD,53330000
2022,Myanmar,Saudi Arabia,DT.DOD.BLAT.CD,762171
2022,Myanmar,India,DT.DOD.BLAT.CD,181779000
2022,Myanmar,China,DT.DOD.BLAT.CD,782670370
2022,Myanmar,"Korea, Republic of",DT.DOD.BLAT.CD,274035545
2022,Myanmar,Thailand,DT.DOD.BLAT.CD,137684883
2022,Montenegro,Austria,DT.DOD.BLAT.CD,314647
2022,Montenegro,Belgium,DT.DOD.BLAT.CD,1520971
2022,Montenegro,France,DT.DOD.BLAT.CD,1840951
2022,Montenegro,"Germany, Fed. Rep. of",DT.DOD.BLAT.CD,65416711
2022,Montenegro,Italy,DT.DOD.BLAT.CD,8401984
2022,Montenegro,Netherlands,DT.DOD.BLAT.CD,268783
2022,Montenegro,Norway,DT.DOD.BLAT.CD,8823
2022,Montenegro,Switzerland,DT.DOD.BLAT.CD,517736
2022,Montenegro,Spain,DT.DOD.BLAT.CD,23231614
2022,Montenegro,Czechia,DT.DOD.BLAT.CD,0
2022,Montenegro,Hungary,DT.DOD.BLAT.CD,0
2022,Montenegro,Russian Federation,DT.DOD.BLAT.CD,9475000
2022,Montenegro,Canada,DT.DOD.BLAT.CD,4882894
2022,Montenegro,United States,DT.DOD.BLAT.CD,4144000
2022,Montenegro,China,DT.DOD.BLAT.CD,863971000
2022,Mongolia,Austria,DT.DOD.BLAT.CD,73141028
2022,Mongolia,Belgium,DT.DOD.BLAT.CD,3783230
2022,Mongolia,France,DT.DOD.BLAT.CD,51569043
2022,Mongolia,"Germany, Fed. Rep. of",DT.DOD.BLAT.CD,88867950
2022,Mongolia,Italy,DT.DOD.BLAT.CD,0
2022,Mongolia,Sweden,DT.DOD.BLAT.CD,5000
2022,Mongolia,Spain,DT.DOD.BLAT.CD,1670295
2022,Mongolia,Hungary,DT.DOD.BLAT.CD,0
2022,Mongolia,Poland,DT.DOD.BLAT.CD,27182301
2022,Mongolia,Belarus,DT.DOD.BLAT.CD,21092015
2022,Mongolia,Kuwait,DT.DOD.BLAT.CD,17673582
2022,Mongolia,United Arab Emirates,DT.DOD.BLAT.CD,1083185
2022,Mongolia,India,DT.DOD.BLAT.CD,98627000
2022,Mongolia,Japan,DT.DOD.BLAT.CD,1088659835
2022,Mongolia,"Korea, Republic of",DT.DOD.BLAT.CD,185198305
2022,Mozambique,Belgium,DT.DOD.BLAT.CD,5798037
2022,Mozambique,France,DT.DOD.BLAT.CD,152786637
2022,Mozambique,Italy,DT.DOD.BLAT.CD,0
2022,Mozambique,Portugal,DT.DOD.BLAT.CD,273704492
2022,Mozambique,Spain,DT.DOD.BLAT.CD,5774102
2022,Mozambique,Bulgaria,DT.DOD.BLAT.CD,57800000
2022,Mozambique,Poland,DT.DOD.BLAT.CD,6917000
2022,Mozambique,Romania,DT.DOD.BLAT.CD,7044000
2022,Mozambique,Russian Federation,DT.DOD.BLAT.CD,59972000
2022,Mozambique,Libya,DT.DOD.BLAT.CD,105335000
2022,Mozambique,Angola,DT.DOD.BLAT.CD,61453000
2022,Mozambique,Brazil,DT.DOD.BLAT.CD,176718000
2022,Mozambique,Iraq,DT.DOD.BLAT.CD,230570000
2022,Mozambique,Kuwait,DT.DOD.BLAT.CD,31194249
2022,Mozambique,Saudi Arabia,DT.DOD.BLAT.CD,32294666
2022,Mozambique,India,DT.DOD.BLAT.CD,278084000
2022,Mozambique,Japan,DT.DOD.BLAT.CD,398499811
2022,Mozambique,China,DT.DOD.BLAT.CD,1703609851
2022,Mozambique,"Korea, Republic of",DT.DOD.BLAT.CD,244380069
2022,Mauritania,France,DT.DOD.BLAT.CD,79277178
2022,Mauritania,"Germany, Fed. Rep. of",DT.DOD.BLAT.CD,2279324
2022,Mauritania,Spain,DT.DOD.BLAT.CD,17252223
2022,Mauritania,Libya,DT.DOD.BLAT.CD,21187000
2022,Mauritania,Brazil,DT.DOD.BLAT.CD,36447000
2022,Mauritania,Iraq,DT.DOD.BLAT.CD,43186000
2022,Mauritania,Kuwait,DT.DOD.BLAT.CD,264452696
2022,Mauritania,Saudi Arabia,DT.DOD.BLAT.CD,671077066
2022,Mauritania,United Arab Emirates,DT.DOD.BLAT.CD,17595371
2022,Mauritania,India,DT.DOD.BLAT.CD,110858000
2022,Mauritania,China,DT.DOD.BLAT.CD,326630936
2022,Mauritius,France,DT.DOD.BLAT.CD,449968133
2022,Mauritius,"Germany, Fed. Rep. of",DT.DOD.BLAT.CD,50130
2022,Mauritius,Kuwait,DT.DOD.BLAT.CD,4032020
2022,Mauritius,Saudi Arabia,DT.DOD.BLAT.CD,47465866
2022,Mauritius,United Arab Emirates,DT.DOD.BLAT.CD,0
2022,Mauritius,India,DT.DOD.BLAT.CD,369553000
2022,Mauritius,Japan,DT.DOD.BLAT.CD,234775725
2022,Mauritius,China,DT.DOD.BLAT.CD,203858374
2022,Malawi,Belgium,DT.DOD.BLAT.CD,1189259
2022,Malawi,Spain,DT.DOD.BLAT.CD,2741000
2022,Malawi,Kuwait,DT.DOD.BLAT.CD,46087240
2022,Malawi,Saudi Arabia,DT.DOD.BLAT.CD,29756266
2022,Malawi,United Arab Emirates,DT.DOD.BLAT.CD,2802450
2022,Malawi,India,DT.DOD.BLAT.CD,114113000
2022,Malawi,China,DT.DOD.BLAT.CD,227925565
2022,Niger,Belgium,DT.DOD.BLAT.CD,28076111
2022,Niger,France,DT.DOD.BLAT.CD,196233068
2022,Niger,Italy,DT.DOD.BLAT.CD,0
2022,Niger,Spain,DT.DOD.BLAT.CD,0
2022,Niger,Libya,DT.DOD.BLAT.CD,16900000
2022,Niger,"Congo, Rep.",DT.DOD.BLAT.CD,40650530
2022,Niger,Iraq,DT.DOD.BLAT.CD,408
2022,Niger,Kuwait,DT.DOD.BLAT.CD,39771279
2022,Niger,Saudi Arabia,DT.DOD.BLAT.CD,68749600
2022,Niger,United Arab Emirates,DT.DOD.BLAT.CD,3689040
2022,Niger,India,DT.DOD.BLAT.CD,68068000
2022,Niger,China,DT.DOD.BLAT.CD,225441121
2022,Nigeria,France,DT.DOD.BLAT.CD,587697800
2022,Nigeria,"Germany, Fed. Rep. of",DT.DOD.BLAT.CD,144532300
2022,Nigeria,India,DT.DOD.BLAT.CD,82744000
2022,Nigeria,Japan,DT.DOD.BLAT.CD,62306822
2022,Nicaragua,France,DT.DOD.BLAT.CD,143991
2022,Nicaragua,"Germany, Fed. Rep. of",DT.DOD.BLAT.CD,36486252
2022,Nicaragua,Italy,DT.DOD.BLAT.CD,16261383
2022,Nicaragua,Spain,DT.DOD.BLAT.CD,165430912
2022,Nicaragua,Russian Federation,DT.DOD.BLAT.CD,0
2022,Nicaragua,Libya,DT.DOD.BLAT.CD,81347000
2022,Nicaragua,Costa Rica,DT.DOD.BLAT.CD,315316000
2022,Nicaragua,Honduras,DT.DOD.BLAT.CD,118637000
2022,Nicaragua,Peru,DT.DOD.BLAT.CD,16563000
2022,Nicaragua,"Iran, Islamic Republic Of",DT.DOD.BLAT.CD,44985000
2022,Nicaragua,Kuwait,DT.DOD.BLAT.CD,31351086
2022,Nicaragua,India,DT.DOD.BLAT.CD,46769000
2022,Nicaragua,Japan,DT.DOD.BLAT.CD,14127402
2022,Nicaragua,China,DT.DOD.BLAT.CD,17952507
2022,Nicaragua,"Korea, Republic of",DT.DOD.BLAT.CD,188328253
2022,Nepal,Belgium,DT.DOD.BLAT.CD,4765568
2022,Nepal,France,DT.DOD.BLAT.CD,1114597
2022,Nepal,Kuwait,DT.DOD.BLAT.CD,12886783
2022,Nepal,Saudi Arabia,DT.DOD.BLAT.CD,22493600
2022,Nepal,India,DT.DOD.BLAT.CD,288448000
2022,Nepal,Japan,DT.DOD.BLAT.CD,338318884
2022,Nepal,China,DT.DOD.BLAT.CD,261140137
2022,Nepal,"Korea, Republic of",DT.DOD.BLAT.CD,46677845
2022,Pakistan,Austria,DT.DOD.BLAT.CD,17988209
2022,Pakistan,Belgium,DT.DOD.BLAT.CD,12767467
2022,Pakistan,France,DT.DOD.BLAT.CD,1476950241
2022,Pakistan,"Germany, Fed. Rep. of",DT.DOD.BLAT.CD,1169907676
2022,Pakistan,Italy,DT.DOD.BLAT.CD,153332702
2022,Pakistan,Netherlands,DT.DOD.BLAT.CD,74663066
2022,Pakistan,Norway,DT.DOD.BLAT.CD,7709949
2022,Pakistan,Sweden,DT.DOD.BLAT.CD,65048545
2022,Pakistan,Switzerland,DT.DOD.BLAT.CD,64366098
2022,Pakistan,United Kingdom,DT.DOD.BLAT.CD,3467136
2022,Pakistan,Finland,DT.DOD.BLAT.CD,2531000
2022,Pakistan,Spain,DT.DOD.BLAT.CD,56242000
2022,Pakistan,Serbia,DT.DOD.BLAT.CD,200000000
2022,Pakistan,Russian Federation,DT.DOD.BLAT.CD,71782000
2022,Pakistan,Libya,DT.DOD.BLAT.CD,1138999
2022,Pakistan,Canada,DT.DOD.BLAT.CD,368314528
2022,Pakistan,United States,DT.DOD.BLAT.CD,1025533000
2022,Pakistan,Kuwait,DT.DOD.BLAT.CD,130733540
2022,Pakistan,Saudi Arabia,DT.DOD.BLAT.CD,1775625400
2022,Pakistan,United Arab Emirates,DT.DOD.BLAT.CD,626190000
2022,Pakistan,"Korea, Republic of",DT.DOD.BLAT.CD,407480493
2022,Peru,France,DT.DOD.BLAT.CD,5632714
2022,Peru,"Germany, Fed. Rep. of",DT.DOD.BLAT.CD,477641443
2022,Peru,Netherlands,DT.DOD.BLAT.CD,1170060
2022,Peru,United States,DT.DOD.BLAT.CD,18201000
2022,Peru,Japan,DT.DOD.BLAT.CD,215228044
2022,Philippines,Belgium,DT.DOD.BLAT.CD,4888227
2022,Philippines,France,DT.DOD.BLAT.CD,875074904
2022,Philippines,"Germany, Fed. Rep. of",DT.DOD.BLAT.CD,89076032
2022,Philippines,Italy,DT.DOD.BLAT.CD,25056567
2022,Philippines,Spain,DT.DOD.BLAT.CD,57242152
2022,Philippines,Canada,DT.DOD.BLAT.CD,142615
2022,Philippines,United States,DT.DOD.BLAT.CD,72837000
2022,Philippines,China,DT.DOD.BLAT.CD,247808027
2022,Philippines,"Korea, Republic of",DT.DOD.BLAT.CD,549790300
2022,Papua New Guinea,"Germany, Fed. Rep. of",DT.DOD.BLAT.CD,4873295
2022,Papua New Guinea,India,DT.DOD.BLAT.CD,0
2022,Papua New Guinea,Japan,DT.DOD.BLAT.CD,483731624
2022,Papua New Guinea,China,DT.DOD.BLAT.CD,1171361858
2022,Papua New Guinea,Australia,DT.DOD.BLAT.CD,1347946000
2022,Paraguay,"Germany, Fed. Rep. of",DT.DOD.BLAT.CD,5624181
2022,Paraguay,Spain,DT.DOD.BLAT.CD,41170000
2022,Paraguay,"Venezuela, Republic Bolivarian",DT.DOD.BLAT.CD,77694000
2022,Paraguay,Japan,DT.DOD.BLAT.CD,118039954
2022,Russian Federation,India,DT.DOD.BLAT.CD,777359733
2022,Russian Federation,"Korea, Republic of",DT.DOD.BLAT.CD,209772666
2022,Rwanda,Austria,DT.DOD.BLAT.CD,0
2022,Rwanda,France,DT.DOD.BLAT.CD,117326000
2022,Rwanda,Libya,DT.DOD.BLAT.CD,83871
2022,Rwanda,Kuwait,DT.DOD.BLAT.CD,71426237
2022,Rwanda,Saudi Arabia,DT.DOD.BLAT.CD,76191733
2022,Rwanda,United Arab Emirates,DT.DOD.BLAT.CD,4377671
2022,Rwanda,India,DT.DOD.BLAT.CD,62722000
2022,Rwanda,Japan,DT.DOD.BLAT.CD,142163588
2022,Rwanda,China,DT.DOD.BLAT.CD,332504723
2022,Rwanda,"Korea, Republic of",DT.DOD.BLAT.CD,27983863
2022,South Asia,Austria,DT.DOD.BLAT.CD,27604674
2022,South Asia,Belgium,DT.DOD.BLAT.CD,19559576
2022,South Asia,Denmark,DT.DOD.BLAT.CD,333845
2022,South Asia,Italy,DT.DOD.BLAT.CD,176347797
2022,South Asia,Netherlands,DT.DOD.BLAT.CD,74663066
2022,South Asia,Norway,DT.DOD.BLAT.CD,7709949
2022,South Asia,Sweden,DT.DOD.BLAT.CD,240575892
2022,South Asia,Switzerland,DT.DOD.BLAT.CD,64917411
2022,South Asia,United Kingdom,DT.DOD.BLAT.CD,23735136
2022,South Asia,Finland,DT.DOD.BLAT.CD,2531000
2022,South Asia,Spain,DT.DOD.BLAT.CD,133857415
2022,South Asia,Serbia,DT.DOD.BLAT.CD,200000000
2022,South Asia,Bulgaria,DT.DOD.BLAT.CD,4201000
2022,South Asia,Hungary,DT.DOD.BLAT.CD,46598687
2022,South Asia,Belarus,DT.DOD.BLAT.CD,26958000
2022,South Asia,Libya,DT.DOD.BLAT.CD,1138999
2022,South Asia,Canada,DT.DOD.BLAT.CD,393408395
2022,South Asia,United States,DT.DOD.BLAT.CD,1188877000
2022,South Asia,"Iran, Islamic Republic Of",DT.DOD.BLAT.CD,42042000
2022,South Asia,Kuwait,DT.DOD.BLAT.CD,488612971
2022,South Asia,United Arab Emirates,DT.DOD.BLAT.CD,665346705
2022,South Asia,Pakistan,DT.DOD.BLAT.CD,1629000
2022,South Asia,"Korea, Republic of",DT.DOD.BLAT.CD,1603639827
2022,South Asia,Australia,DT.DOD.BLAT.CD,6882000
2022,Sudan,Austria,DT.DOD.BLAT.CD,193939878
2022,Sudan,Belgium,DT.DOD.BLAT.CD,135757914
2022,Sudan,Denmark,DT.DOD.BLAT.CD,62562807
2022,Sudan,France,DT.DOD.BLAT.CD,238549206
2022,Sudan,"Germany, Fed. Rep. of",DT.DOD.BLAT.CD,69503922
2022,Sudan,Italy,DT.DOD.BLAT.CD,248706283
2022,Sudan,Netherlands,DT.DOD.BLAT.CD,72136588
2022,Sudan,Norway,DT.DOD.BLAT.CD,22970385
2022,Sudan,Switzerland,DT.DOD.BLAT.CD,119523422
2022,Sudan,United Kingdom,DT.DOD.BLAT.CD,217886871
2022,Sudan,Ireland,DT.DOD.BLAT.CD,1580908
2022,Sudan,Spain,DT.DOD.BLAT.CD,19672000
2022,Sudan,Turkiye,DT.DOD.BLAT.CD,41903971
2022,Sudan,Serbia,DT.DOD.BLAT.CD,27938000
2022,Sudan,Croatia,DT.DOD.BLAT.CD,39903000
2022,Sudan,Czechia,DT.DOD.BLAT.CD,25359000
2022,Sudan,Hungary,DT.DOD.BLAT.CD,5936000
2022,Sudan,Poland,DT.DOD.BLAT.CD,20130000
2022,Sudan,Romania,DT.DOD.BLAT.CD,125568000
2022,Sudan,Russian Federation,DT.DOD.BLAT.CD,7325953
2022,Sudan,Algeria,DT.DOD.BLAT.CD,83021133
2022,Sudan,Libya,DT.DOD.BLAT.CD,302634300
2022,Sudan,Canada,DT.DOD.BLAT.CD,9285000
2022,Sudan,United States,DT.DOD.BLAT.CD,373798000
2022,Sudan,"Iran, Islamic Republic Of",DT.DOD.BLAT.CD,102575000
2022,Sudan,Iraq,DT.DOD.BLAT.CD,71558000
2022,Sudan,Kuwait,DT.DOD.BLAT.CD,1133594078
2022,Sudan,Oman,DT.DOD.BLAT.CD,89507000
2022,Sudan,Qatar,DT.DOD.BLAT.CD,29000000
2022,Sudan,Saudi Arabia,DT.DOD.BLAT.CD,2139879933
2022,Sudan,United Arab Emirates,DT.DOD.BLAT.CD,387658134
2022,Sudan,India,DT.DOD.BLAT.CD,526988000
2022,Sudan,Pakistan,DT.DOD.BLAT.CD,9978000
2022,Sudan,Japan,DT.DOD.BLAT.CD,153869379
2022,Sudan,China,DT.DOD.BLAT.CD,1040725493
2022,Sudan,Malaysia,DT.DOD.BLAT.CD,0
2022,Senegal,Austria,DT.DOD.BLAT.CD,2110801
2022,Senegal,Belgium,DT.DOD.BLAT.CD,8698123
2022,Senegal,France,DT.DOD.BLAT.CD,1011827956
2022,Senegal,"Germany, Fed. Rep. of",DT.DOD.BLAT.CD,13414628
2022,Senegal,Italy,DT.DOD.BLAT.CD,45805137
2022,Senegal,Spain,DT.DOD.BLAT.CD,44615042
2022,Senegal,Turkiye,DT.DOD.BLAT.CD,67210106
2022,Senegal,Czechia,DT.DOD.BLAT.CD,24271549
2022,Senegal,Kuwait,DT.DOD.BLAT.CD,129615423
2022,Senegal,Saudi Arabia,DT.DOD.BLAT.CD,90796580
2022,Senegal,United Arab Emirates,DT.DOD.BLAT.CD,5854867
2022,Senegal,India,DT.DOD.BLAT.CD,178580000
2022,Senegal,Japan,DT.DOD.BLAT.CD,60889559
2022,Senegal,China,DT.DOD.BLAT.CD,1249369979
2022,Senegal,"Korea, Republic of",DT.DOD.BLAT.CD,98227400
2022,Solomon Islands,Japan,DT.DOD.BLAT.CD,18846588
2022,Sierra Leone,Kuwait,DT.DOD.BLAT.CD,56660676
2022,Sierra Leone,Saudi Arabia,DT.DOD.BLAT.CD,27468000
2022,Sierra Leone,United Arab Emirates,DT.DOD.BLAT.CD,9524029
2022,Sierra Leone,India,DT.DOD.BLAT.CD,23906000
2022,Sierra Leone,China,DT.DOD.BLAT.CD,67550691
2022,Sierra Leone,"Korea, Republic of",DT.DOD.BLAT.CD,50122000
2022,El Salvador,"Germany, Fed. Rep. of",DT.DOD.BLAT.CD,96277499
2022,El Salvador,Italy,DT.DOD.BLAT.CD,4266400
2022,El Salvador,Spain,DT.DOD.BLAT.CD,60663457
2022,El Salvador,United States,DT.DOD.BLAT.CD,17973000
2022,El Salvador,Japan,DT.DOD.BLAT.CD,128767433
2022,El Salvador,China,DT.DOD.BLAT.CD,300000
2022,Somalia,Denmark,DT.DOD.BLAT.CD,2738950
2022,Somalia,France,DT.DOD.BLAT.CD,137537003
2022,Somalia,Netherlands,DT.DOD.BLAT.CD,2071337
2022,Somalia,Norway,DT.DOD.BLAT.CD,541886
2022,Somalia,United Kingdom,DT.DOD.BLAT.CD,27981134
2022,Somalia,Spain,DT.DOD.BLAT.CD,40212000
2022,Somalia,Serbia,DT.DOD.BLAT.CD,1512000
2022,Somalia,Bulgaria,DT.DOD.BLAT.CD,5529000
2022,Somalia,Romania,DT.DOD.BLAT.CD,2274000
2022,Somalia,Russian Federation,DT.DOD.BLAT.CD,417759665
2022,Somalia,Algeria,DT.DOD.BLAT.CD,900000
2022,Somalia,Libya,DT.DOD.BLAT.CD,11750000
2022,Somalia,United States,DT.DOD.BLAT.CD,991811000
2022,Somalia,Iraq,DT.DOD.BLAT.CD,31223000
2022,Somalia,Kuwait,DT.DOD.BLAT.CD,125319392
2022,Somalia,Saudi Arabia,DT.DOD.BLAT.CD,58879733
2022,Somalia,United Arab Emirates,DT.DOD.BLAT.CD,94222464
2022,Somalia,Japan,DT.DOD.BLAT.CD,48759894
2022,Serbia,Austria,DT.DOD.BLAT.CD,10290556
2022,Serbia,Belgium,DT.DOD.BLAT.CD,80150723
2022,Serbia,Denmark,DT.DOD.BLAT.CD,2114393
2022,Serbia,France,DT.DOD.BLAT.CD,95659641
2022,Serbia,"Germany, Fed. Rep. of",DT.DOD.BLAT.CD,374617651
2022,Serbia,Italy,DT.DOD.BLAT.CD,29894782
2022,Serbia,Netherlands,DT.DOD.BLAT.CD,5472724
2022,Serbia,Norway,DT.DOD.BLAT.CD,1308417
2022,Serbia,Sweden,DT.DOD.BLAT.CD,1407823
2022,Serbia,Switzerland,DT.DOD.BLAT.CD,29417817
2022,Serbia,United Kingdom,DT.DOD.BLAT.CD,62796117
2022,Serbia,Spain,DT.DOD.BLAT.CD,151564573
2022,Serbia,Turkiye,DT.DOD.BLAT.CD,171563676
2022,Serbia,Hungary,DT.DOD.BLAT.CD,7271012
2022,Serbia,Poland,DT.DOD.BLAT.CD,790000
2022,Serbia,Russian Federation,DT.DOD.BLAT.CD,924666877
2022,Serbia,Canada,DT.DOD.BLAT.CD,17611699
2022,Serbia,United States,DT.DOD.BLAT.CD,38792000
2022,Serbia,Kuwait,DT.DOD.BLAT.CD,246193581
2022,Serbia,United Arab Emirates,DT.DOD.BLAT.CD,1732346085
2022,Serbia,Japan,DT.DOD.BLAT.CD,182377127
2022,Sao Tome and Principe,Belgium,DT.DOD.BLAT.CD,855413
2022,Sao Tome and Principe,Italy,DT.DOD.BLAT.CD,28793934
2022,Sao Tome and Principe,Portugal,DT.DOD.BLAT.CD,53294802
2022,Sao Tome and Principe,Angola,DT.DOD.BLAT.CD,158837000
2022,Sao Tome and Principe,Equatorial Guinea,DT.DOD.BLAT.CD,1626021
2022,Sao Tome and Principe,Brazil,DT.DOD.BLAT.CD,4564000
2022,Sao Tome and Principe,Kuwait,DT.DOD.BLAT.CD,3267
2022,Suriname,France,DT.DOD.BLAT.CD,38810374
2022,Suriname,Netherlands,DT.DOD.BLAT.CD,12073912
2022,Suriname,Israel,DT.DOD.BLAT.CD,270916
2022,Suriname,Kuwait,DT.DOD.BLAT.CD,0
2022,Suriname,India,DT.DOD.BLAT.CD,37632000
2022,Suriname,China,DT.DOD.BLAT.CD,459669475
2022,Eswatini,"Germany, Fed. Rep. of",DT.DOD.BLAT.CD,2554507
2022,Eswatini,Italy,DT.DOD.BLAT.CD,9478874
2022,Eswatini,South Africa,DT.DOD.BLAT.CD,1820162
2022,Eswatini,Nigeria,DT.DOD.BLAT.CD,2705964
2022,Eswatini,Kuwait,DT.DOD.BLAT.CD,15487665
2022,Eswatini,United Arab Emirates,DT.DOD.BLAT.CD,5972498
2022,Eswatini,India,DT.DOD.BLAT.CD,1333000
2022,Eswatini,Japan,DT.DOD.BLAT.CD,24756879
2022,Eswatini,China,DT.DOD.BLAT.CD,182385000
2022,Syrian Arab Republic,"Germany, Fed. Rep. of",DT.DOD.BLAT.CD,313186775
2022,Syrian Arab Republic,Italy,DT.DOD.BLAT.CD,23527062
2022,Syrian Arab Republic,Serbia,DT.DOD.BLAT.CD,32436000
2022,Syrian Arab Republic,Bulgaria,DT.DOD.BLAT.CD,8210000
2022,Syrian Arab Republic,Russian Federation,DT.DOD.BLAT.CD,525000000
2022,Syrian Arab Republic,United States,DT.DOD.BLAT.CD,237024000
2022,Syrian Arab Republic,"Iran, Islamic Republic Of",DT.DOD.BLAT.CD,2855000
2022,Syrian Arab Republic,Iraq,DT.DOD.BLAT.CD,4371
2022,Syrian Arab Republic,Kuwait,DT.DOD.BLAT.CD,250106191
2022,Syrian Arab Republic,Saudi Arabia,DT.DOD.BLAT.CD,66553866
2022,Syrian Arab Republic,United Arab Emirates,DT.DOD.BLAT.CD,106692988
2022,Syrian Arab Republic,India,DT.DOD.BLAT.CD,30730000
2022,Syrian Arab Republic,Japan,DT.DOD.BLAT.CD,362276667
2022,Syrian Arab Republic,China,DT.DOD.BLAT.CD,69546235
2022,Syrian Arab Republic,Malaysia,DT.DOD.BLAT.CD,42031506
2022,Chad,France,DT.DOD.BLAT.CD,108185238
2022,Chad,Libya,DT.DOD.BLAT.CD,245780000
2022,Chad,Angola,DT.DOD.BLAT.CD,74603000
2022,Chad,Cameroon,DT.DOD.BLAT.CD,27874649
2022,Chad,"Congo, Rep.",DT.DOD.BLAT.CD,99675100
2022,Chad,Equatorial Guinea,DT.DOD.BLAT.CD,24390318
2022,Chad,Kuwait,DT.DOD.BLAT.CD,14562980
2022,Chad,Saudi Arabia,DT.DOD.BLAT.CD,18589866
2022,Chad,India,DT.DOD.BLAT.CD,47036000
2022,Chad,China,DT.DOD.BLAT.CD,275917498
2022,Togo,Belgium,DT.DOD.BLAT.CD,9476741
2022,Togo,France,DT.DOD.BLAT.CD,25861850
2022,Togo,Kuwait,DT.DOD.BLAT.CD,30583238
2022,Togo,Saudi Arabia,DT.DOD.BLAT.CD,13376533
2022,Togo,United Arab Emirates,DT.DOD.BLAT.CD,27784070
2022,Togo,India,DT.DOD.BLAT.CD,58941000
2022,Togo,China,DT.DOD.BLAT.CD,444011030
2022,Thailand,"Germany, Fed. Rep. of",DT.DOD.BLAT.CD,4807166
2022,Thailand,Canada,DT.DOD.BLAT.CD,3424244
2022,Tajikistan,"Germany, Fed. Rep. of",DT.DOD.BLAT.CD,16595229
2022,Tajikistan,United States,DT.DOD.BLAT.CD,1330000
2022,Tajikistan,Kuwait,DT.DOD.BLAT.CD,46809345
2022,Tajikistan,Saudi Arabia,DT.DOD.BLAT.CD,105495466
2022,Tajikistan,United Arab Emirates,DT.DOD.BLAT.CD,6707420
2022,Tajikistan,China,DT.DOD.BLAT.CD,986367740
2022,Turkmenistan,Saudi Arabia,DT.DOD.BLAT.CD,29669000
2022,Turkmenistan,United Arab Emirates,DT.DOD.BLAT.CD,0
2022,Turkmenistan,Japan,DT.DOD.BLAT.CD,1661931274
2022,Turkmenistan,China,DT.DOD.BLAT.CD,119485972
2022,Turkmenistan,"Korea, Republic of",DT.DOD.BLAT.CD,451718000
2022,Timor-Leste,Japan,DT.DOD.BLAT.CD,32461364
2022,Timor-Leste,Australia,DT.DOD.BLAT.CD,0
2022,Tonga,China,DT.DOD.BLAT.CD,97362152
2022,Tunisia,Austria,DT.DOD.BLAT.CD,22078620
2022,Tunisia,Belgium,DT.DOD.BLAT.CD,15677953
2022,Tunisia,France,DT.DOD.BLAT.CD,990132246
2022,Tunisia,"Germany, Fed. Rep. of",DT.DOD.BLAT.CD,1035280357
2022,Tunisia,Italy,DT.DOD.BLAT.CD,332138173
2022,Tunisia,Spain,DT.DOD.BLAT.CD,315548967
2022,Tunisia,Turkiye,DT.DOD.BLAT.CD,116830000
2022,Tunisia,Algeria,DT.DOD.BLAT.CD,359000000
2022,Tunisia,Libya,DT.DOD.BLAT.CD,70000000
2022,Tunisia,Canada,DT.DOD.BLAT.CD,3964566
2022,Tunisia,United States,DT.DOD.BLAT.CD,4820000
2022,Tunisia,Kuwait,DT.DOD.BLAT.CD,291070348
2022,Tunisia,Qatar,DT.DOD.BLAT.CD,9222000
2022,Tunisia,Saudi Arabia,DT.DOD.BLAT.CD,501430819
2022,Tunisia,United Arab Emirates,DT.DOD.BLAT.CD,49151645
2022,Tunisia,Japan,DT.DOD.BLAT.CD,667779871
2022,Tunisia,China,DT.DOD.BLAT.CD,41244441
2022,Tunisia,"Korea, Republic of",DT.DOD.BLAT.CD,0
2022,Turkiye,Belgium,DT.DOD.BLAT.CD,3665904
2022,Turkiye,Denmark,DT.DOD.BLAT.CD,82022606
2022,Turkiye,France,DT.DOD.BLAT.CD,977861013
2022,Turkiye,"Germany, Fed. Rep. of",DT.DOD.BLAT.CD,596868205
2022,Turkiye,Spain,DT.DOD.BLAT.CD,249135955
2022,Turkiye,Hungary,DT.DOD.BLAT.CD,217586
2022,Turkiye,Canada,DT.DOD.BLAT.CD,54551000
2022,Turkiye,Kuwait,DT.DOD.BLAT.CD,32484888
2022,Turkiye,Saudi Arabia,DT.DOD.BLAT.CD,18261600
2022,Turkiye,United Arab Emirates,DT.DOD.BLAT.CD,1540770514
2022,Turkiye,China,DT.DOD.BLAT.CD,922817714
2022,Turkiye,"Korea, Republic of",DT.DOD.BLAT.CD,166148000
2022,Tanzania,Austria,DT.DOD.BLAT.CD,333845
2022,Tanzania,Belgium,DT.DOD.BLAT.CD,16161959
2022,Tanzania,France,DT.DOD.BLAT.CD,240170588
2022,Tanzania,Sweden,DT.DOD.BLAT.CD,3806834
2022,Tanzania,United Kingdom,DT.DOD.BLAT.CD,885791
2022,Tanzania,Poland,DT.DOD.BLAT.CD,75326000
2022,Tanzania,Romania,DT.DOD.BLAT.CD,105000
2022,Tanzania,Russian Federation,DT.DOD.BLAT.CD,4787000
2022,Tanzania,Algeria,DT.DOD.BLAT.CD,15000000
2022,Tanzania,Libya,DT.DOD.BLAT.CD,56546000
2022,Tanzania,Angola,DT.DOD.BLAT.CD,3406000
2022,Tanzania,"Iran, Islamic Republic Of",DT.DOD.BLAT.CD,77729000
2022,Tanzania,Iraq,DT.DOD.BLAT.CD,30611072
2022,Tanzania,Kuwait,DT.DOD.BLAT.CD,105989553
2022,Tanzania,Saudi Arabia,DT.DOD.BLAT.CD,2841333
2022,Tanzania,United Arab Emirates,DT.DOD.BLAT.CD,15147991
2022,Tanzania,India,DT.DOD.BLAT.CD,481964572
2022,Tanzania,Japan,DT.DOD.BLAT.CD,570345538
2022,Tanzania,China,DT.DOD.BLAT.CD,1580002006
2022,Tanzania,"Korea, Republic of",DT.DOD.BLAT.CD,485283000
2022,Uganda,Austria,DT.DOD.BLAT.CD,7129154
2022,Uganda,France,DT.DOD.BLAT.CD,262376873
2022,Uganda,"Germany, Fed. Rep. of",DT.DOD.BLAT.CD,8299214
2022,Uganda,Italy,DT.DOD.BLAT.CD,0
2022,Uganda,United Kingdom,DT.DOD.BLAT.CD,296976637
2022,Uganda,Spain,DT.DOD.BLAT.CD,11481949
2022,Uganda,Nigeria,DT.DOD.BLAT.CD,9000000
2022,Uganda,Tanzania,DT.DOD.BLAT.CD,35157000
2022,Uganda,Iraq,DT.DOD.BLAT.CD,531
2022,Uganda,Kuwait,DT.DOD.BLAT.CD,32514295
2022,Uganda,Saudi Arabia,DT.DOD.BLAT.CD,36404266
2022,Uganda,United Arab Emirates,DT.DOD.BLAT.CD,10453369
2022,Uganda,India,DT.DOD.BLAT.CD,6001000
2022,Uganda,Japan,DT.DOD.BLAT.CD,243957783
2022,Uganda,"Korea, Republic of",DT.DOD.BLAT.CD,22371550
2022,Ukraine,France,DT.DOD.BLAT.CD,474426879
2022,Ukraine,"Germany, Fed. Rep. of",DT.DOD.BLAT.CD,666433012
2022,Ukraine,Italy,DT.DOD.BLAT.CD,213320000
2022,Ukraine,Netherlands,DT.DOD.BLAT.CD,213320000
2022,Ukraine,United Kingdom,DT.DOD.BLAT.CD,22171329
2022,Ukraine,Poland,DT.DOD.BLAT.CD,53128412
2022,Ukraine,Russian Federation,DT.DOD.BLAT.CD,605856000
2022,Ukraine,Canada,DT.DOD.BLAT.CD,1826309314
2022,Ukraine,United States,DT.DOD.BLAT.CD,472000
2022,Ukraine,Japan,DT.DOD.BLAT.CD,1005420278
2022,Ukraine,China,DT.DOD.BLAT.CD,825000000
2022,Uzbekistan,France,DT.DOD.BLAT.CD,605702941
2022,Uzbekistan,"Germany, Fed. Rep. of",DT.DOD.BLAT.CD,113692093
2022,Uzbekistan,Spain,DT.DOD.BLAT.CD,68790367
2022,Uzbekistan,Poland,DT.DOD.BLAT.CD,6550000
2022,Uzbekistan,Russian Federation,DT.DOD.BLAT.CD,245787304
2022,Uzbekistan,United States,DT.DOD.BLAT.CD,21751000
2022,Uzbekistan,Kuwait,DT.DOD.BLAT.CD,76111746
2022,Uzbekistan,Saudi Arabia,DT.DOD.BLAT.CD,138740800
2022,Uzbekistan,United Arab Emirates,DT.DOD.BLAT.CD,7786793
2022,Uzbekistan,China,DT.DOD.BLAT.CD,1929860698
2022,Uzbekistan,"Korea, Republic of",DT.DOD.BLAT.CD,147605296
2022,St. Vincent and the Grenadines,United Kingdom,DT.DOD.BLAT.CD,2386000
2022,St. Vincent and the Grenadines,United States,DT.DOD.BLAT.CD,1283000
2022,St. Vincent and the Grenadines,Trinidad & Tobago,DT.DOD.BLAT.CD,3747609
2022,St. Vincent and the Grenadines,Kuwait,DT.DOD.BLAT.CD,6593693
2022,St. Vincent and the Grenadines,United Arab Emirates,DT.DOD.BLAT.CD,12484683
2022,Viet Nam,Austria,DT.DOD.BLAT.CD,7199550
2022,Viet Nam,Belgium,DT.DOD.BLAT.CD,7774447
2022,Viet Nam,Denmark,DT.DOD.BLAT.CD,11419019
2022,Viet Nam,France,DT.DOD.BLAT.CD,870152545
2022,Viet Nam,"Germany, Fed. Rep. of",DT.DOD.BLAT.CD,420483445
2022,Viet Nam,Italy,DT.DOD.BLAT.CD,4154407
2022,Viet Nam,Sweden,DT.DOD.BLAT.CD,295464000
2022,Viet Nam,Switzerland,DT.DOD.BLAT.CD,609802
2022,Viet Nam,Finland,DT.DOD.BLAT.CD,339178
2022,Viet Nam,Spain,DT.DOD.BLAT.CD,10667045
2022,Viet Nam,Hungary,DT.DOD.BLAT.CD,19138003
2022,Viet Nam,Poland,DT.DOD.BLAT.CD,9266620
2022,Viet Nam,Russian Federation,DT.DOD.BLAT.CD,1391744000
2022,Viet Nam,Algeria,DT.DOD.BLAT.CD,19061000
2022,Viet Nam,Kuwait,DT.DOD.BLAT.CD,53102434
2022,Viet Nam,Saudi Arabia,DT.DOD.BLAT.CD,37109066
2022,Viet Nam,India,DT.DOD.BLAT.CD,25124455
2022,Viet Nam,China,DT.DOD.BLAT.CD,965791312
2022,Viet Nam,"Korea, D.P.R. of",DT.DOD.BLAT.CD,0
2022,Viet Nam,"Korea, Republic of",DT.DOD.BLAT.CD,1223446752
2022,Vanuatu,Japan,DT.DOD.BLAT.CD,65179042
2022,Vanuatu,China,DT.DOD.BLAT.CD,178737331
2022,Samoa,Japan,DT.DOD.BLAT.CD,24591029
2022,Samoa,China,DT.DOD.BLAT.CD,131100486
2022,Kosovo,France,DT.DOD.BLAT.CD,0
2022,Kosovo,"Germany, Fed. Rep. of",DT.DOD.BLAT.CD,25010703
2022,Kosovo,Saudi Arabia,DT.DOD.BLAT.CD,1405066
2022,"Yemen, Rep.",Denmark,DT.DOD.BLAT.CD,1682000
2022,"Yemen, Rep.",France,DT.DOD.BLAT.CD,62069720
2022,"Yemen, Rep.","Germany, Fed. Rep. of",DT.DOD.BLAT.CD,762619
2022,"Yemen, Rep.",Italy,DT.DOD.BLAT.CD,39644289
2022,"Yemen, Rep.",Netherlands,DT.DOD.BLAT.CD,1175393
2022,"Yemen, Rep.",Spain,DT.DOD.BLAT.CD,16048000
2022,"Yemen, Rep.",Russian Federation,DT.DOD.BLAT.CD,1096861000
2022,"Yemen, Rep.",United States,DT.DOD.BLAT.CD,95085000
2022,"Yemen, Rep.",Iraq,DT.DOD.BLAT.CD,6792000
2022,"Yemen, Rep.",Kuwait,DT.DOD.BLAT.CD,176126450
2022,"Yemen, Rep.",Saudi Arabia,DT.DOD.BLAT.CD,1300820266
2022,"Yemen, Rep.",Japan,DT.DOD.BLAT.CD,179276290
2022,"Yemen, Rep.",China,DT.DOD.BLAT.CD,152143246
2022,"Yemen, Rep.","Korea, Republic of",DT.DOD.BLAT.CD,28241876
2022,South Africa,France,DT.DOD.BLAT.CD,506674325
2022,South Africa,"Germany, Fed. Rep. of",DT.DOD.BLAT.CD,199065611
2022,Zambia,Belgium,DT.DOD.BLAT.CD,691156
2022,Zambia,France,DT.DOD.BLAT.CD,96683797
2022,Zambia,United Kingdom,DT.DOD.BLAT.CD,240642000
2022,Zambia,Bulgaria,DT.DOD.BLAT.CD,1629492
2022,Zambia,Russian Federation,DT.DOD.BLAT.CD,128085860
2022,Zambia,South Africa,DT.DOD.BLAT.CD,236331000
2022,Zambia,United States,DT.DOD.BLAT.CD,45364000
2022,Zambia,Iraq,DT.DOD.BLAT.CD,5515
2022,Zambia,Kuwait,DT.DOD.BLAT.CD,14768828
2022,Zambia,Saudi Arabia,DT.DOD.BLAT.CD,56994666
2022,Zambia,United Arab Emirates,DT.DOD.BLAT.CD,0
2022,Zambia,India,DT.DOD.BLAT.CD,329341000
2022,Zambia,Japan,DT.DOD.BLAT.CD,46181681
2022,Zambia,"Korea, Republic of",DT.DOD.BLAT.CD,0
2022,Zimbabwe,Austria,DT.DOD.BLAT.CD,6098818
2022,Zimbabwe,Belgium,DT.DOD.BLAT.CD,2008407
2022,Zimbabwe,France,DT.DOD.BLAT.CD,121782254
2022,Zimbabwe,"Germany, Fed. Rep. of",DT.DOD.BLAT.CD,387394875
2022,Zimbabwe,Italy,DT.DOD.BLAT.CD,92724693
2022,Zimbabwe,Netherlands,DT.DOD.BLAT.CD,29748546
2022,Zimbabwe,Norway,DT.DOD.BLAT.CD,23272768
2022,Zimbabwe,Switzerland,DT.DOD.BLAT.CD,5415
2022,Zimbabwe,United Kingdom,DT.DOD.BLAT.CD,29829682
2022,Zimbabwe,Finland,DT.DOD.BLAT.CD,67115265
2022,Zimbabwe,Spain,DT.DOD.BLAT.CD,20137000
2022,Zimbabwe,United States,DT.DOD.BLAT.CD,117526000
2022,Zimbabwe,Brazil,DT.DOD.BLAT.CD,34741000
2022,Zimbabwe,Kuwait,DT.DOD.BLAT.CD,23308906
2022,Zimbabwe,India,DT.DOD.BLAT.CD,66998000
2022,Zimbabwe,Japan,DT.DOD.BLAT.CD,154979268
2022,Zimbabwe,China,DT.DOD.BLAT.CD,2001634155
