Target,Source,Weight
Afghanistan,Italy,22718580
Afghanistan,Bulgaria,4201000
Afghanistan,Russia,849119000
Afghanistan,Iran,9139000
Afghanistan,Kuwait,22499591
Afghanistan,Saudi Arabia,79376533
Angola,Belgium,43730
Angola,France,85789837
Angola,Italy,17083732
Angola,Netherlands,2656900
Angola,Portugal,307270000
Angola,Spain,28647000
Angola,Serbia,7546000
Angola,Poland,59972283
Angola,South Africa,303458033
Angola,Canada,302262000
Angola,United States,10858000
Angola,India,15803000
Angola,Japan,499061959
Angola,South Korea,231249000
Albania,Austria,8104026
Albania,France,79995000
Albania,Germany,325998823
Albania,Italy,155586008
Albania,Greece,661292
Albania,Spain,7686000
Albania,Kuwait,71560202
Albania,Saudi Arabia,24845600
Albania,United Arab Emirates,41725527
Albania,Japan,58175650
Albania,China,1858000
Albania,South Korea,13722307
Argentina,Austria,14212000
Argentina,Belgium,2771026
Argentina,Denmark,3207000
Argentina,France,94148800
Argentina,Germany,722668430
Argentina,Italy,201866882
Argentina,Netherlands,168420406
Argentina,Sweden,3965000
Argentina,Switzerland,127039263
Argentina,United Kingdom,17263000
Argentina,Spain,189718709
Argentina,Canada,44872000
Argentina,United States,157564000
Argentina,Brazil,32067000
Argentina,Israel,873000
Argentina,Kuwait,81702336
Argentina,United Arab Emirates,73192375
Argentina,Japan,442525442
Armenia,France,221704542
Armenia,Germany,510683813
Armenia,Russia,319465000
Armenia,United States,8629000
Armenia,United Arab Emirates,2773859
Armenia,Japan,160150772
Armenia,China,18541797
Azerbaijan,France,255996799
Azerbaijan,Germany,84789367
Azerbaijan,Russia,44000000
Azerbaijan,Kuwait,1833033
Azerbaijan,Saudi Arabia,26930400
Azerbaijan,United Arab Emirates,15076650
Azerbaijan,Japan,522811911
Azerbaijan,South Korea,64533000
Burundi,Libya,4375000
Burundi,Kuwait,30540761
Burundi,Saudi Arabia,54762666
Burundi,United Arab Emirates,0
Burundi,India,57433000
Burundi,China,43420800
Benin,Denmark,0
Benin,France,122368884
Benin,Norway,1981742
Benin,United Kingdom,57621998
Benin,Brazil,79297000
Benin,Kuwait,39431465
Benin,Saudi Arabia,51923366
Benin,United Arab Emirates,1518856
Benin,India,17114000
Benin,China,296961065
Burkina Faso,Belgium,8209620
Burkina Faso,France,193732957
Burkina Faso,Spain,2431848
Burkina Faso,Libya,6460000
Burkina Faso,Cote d'Ivoire,47967625
Burkina Faso,Kuwait,44982845
Burkina Faso,Saudi Arabia,42470133
Burkina Faso,United Arab Emirates,4002178
Burkina Faso,India,7845000
Burkina Faso,Japan,7870335
Burkina Faso,China,120132041
Bangladesh,Belgium,0
Bangladesh,Denmark,333845
Bangladesh,France,588805864
Bangladesh,Germany,83852892
Bangladesh,Switzerland,551313
Bangladesh,Spain,0
Bangladesh,Belarus,26958000
Bangladesh,Kuwait,181110929
Bangladesh,Saudi Arabia,115997066
Bangladesh,United Arab Emirates,35755207
Bangladesh,India,1166016000
Bangladesh,South Korea,785965152
Bulgaria,Germany,4600245
Bulgaria,Japan,82789295
Bosnia and Herzegovina,Austria,70191671
Bosnia and Herzegovina,Belgium,4386906
Bosnia and Herzegovina,France,121872601
Bosnia and Herzegovina,Germany,104720921
Bosnia and Herzegovina,Italy,28967058
Bosnia and Herzegovina,Portugal,29251505
Bosnia and Herzegovina,Switzerland,21440563
Bosnia and Herzegovina,Spain,28132251
Bosnia and Herzegovina,Serbia,4967156
Bosnia and Herzegovina,Hungary,14376533
Bosnia and Herzegovina,Poland,9706060
Bosnia and Herzegovina,United States,1371000
Bosnia and Herzegovina,Kuwait,32265969
Bosnia and Herzegovina,Saudi Arabia,52730133
Bosnia and Herzegovina,Japan,112263118
Bosnia and Herzegovina,South Korea,59348758
Belarus,United States,4966000
Belarus,Kuwait,4901159
Belarus,United Arab Emirates,16514285
Belize,Venezuela,214860000
Belize,Kuwait,15856886
Bolivia,France,429692609
Bolivia,Germany,65698293
Bolivia,Italy,0
Bolivia,Spain,6428040
Bolivia,Brazil,14752000
Bolivia,Venezuela,481000
Bolivia,India,100000000
Bolivia,Japan,3799472
Bolivia,China,1457407831
Bolivia,South Korea,39525000
Brazil,France,1424798800
Brazil,Germany,593771950
Brazil,Sweden,1884266740
Brazil,Spain,142524705
Brazil,Canada,66000000
Brazil,Japan,661144911
Bhutan,Austria,9616465
Bhutan,India,1893827026
Bhutan,Japan,57474557
Botswana,France,80488
Botswana,Kuwait,3898055
Botswana,Japan,9528835
Botswana,China,0
China,Belgium,0
China,Denmark,0
China,France,73565961
China,Germany,190510991
China,Netherlands,375803
China,Spain,21574678
China,Canada,156136972
China,Kuwait,180282597
Cote d'Ivoire,France,1762027466
Cote d'Ivoire,Germany,146500709
Cote d'Ivoire,Spain,19891023
Cote d'Ivoire,South Africa,0
Cote d'Ivoire,United States,1933000
Cote d'Ivoire,Kuwait,34491096
Cote d'Ivoire,Saudi Arabia,28647052
Cote d'Ivoire,India,185061000
Cote d'Ivoire,Japan,71503957
Cote d'Ivoire,South Korea,29600000
Cameroon,Belgium,12598679
Cameroon,France,1153594029
Cameroon,Germany,26769526
Cameroon,Norway,35339657
Cameroon,Switzerland,926076
Cameroon,Spain,3685103
Cameroon,Turkiye,122672000
Cameroon,United States,42531760
Cameroon,Kuwait,20016337
Cameroon,Saudi Arabia,15073600
Cameroon,United Arab Emirates,0
Cameroon,India,110927000
Cameroon,Japan,81522804
Cameroon,South Korea,76523385
Congo,France,28304364
Congo,Greece,2032000
Congo,Romania,254000
Congo,Angola,20000000
Congo,Burundi,0
Congo,Namibia,1264892
Congo,Kuwait,44856995
Congo,Saudi Arabia,12405600
Congo,India,153178000
Congo,South Korea,64526000
Congo,Belgium,119583992
Congo,France,221779204
Congo,Switzerland,2942749
Congo,Turkiye,58110501
Congo,Russia,31939000
Congo,Libya,10000000
Congo,Angola,28636000
Congo,Brazil,89587000
Congo,Kuwait,54520503
Congo,Saudi Arabia,79405333
Congo,United Arab Emirates,9534104
Congo,India,101133000
Congo,China,2008657946
Colombia,Germany,1594859335
Colombia,Spain,51613000
Colombia,United States,1057755000
Colombia,Brazil,98135000
Colombia,Japan,40000000
Colombia,South Korea,26874000
Comoros,France,2776359
Comoros,Kuwait,24871753
Comoros,Saudi Arabia,39740000
Comoros,India,27226000
Comoros,China,103279415
Cabo Verde,Austria,8513601
Cabo Verde,Belgium,310380
Cabo Verde,France,48531366
Cabo Verde,Portugal,140363987
Cabo Verde,Spain,36229202
Cabo Verde,Kuwait,13063224
Cabo Verde,Saudi Arabia,16789600
Cabo Verde,Japan,105096117
Cabo Verde,China,27866304
Costa Rica,France,33617282
Costa Rica,Germany,12819562
Costa Rica,Spain,23122000
Costa Rica,United States,3662000
Costa Rica,Brazil,2131000
Costa Rica,Japan,222713908
Costa Rica,China,84094474
Djibouti,Belgium,286915
Djibouti,France,2211061
Djibouti,Italy,48968672
Djibouti,Spain,3791000
Djibouti,Turkiye,6954000
Djibouti,Iran,9450076
Djibouti,Kuwait,171815062
Djibouti,Saudi Arabia,75649866
Djibouti,United Arab Emirates,11748672
Djibouti,India,38571000
Djibouti,China,1331672704
Dominica,France,14935661
Dominica,United Kingdom,2256000
Dominica,Belize,1000000
Dominica,Venezuela,4018000
Dominica,Kuwait,447639
Dominica,China,24472087
Dominican Republic,France,946337682
Dominican Republic,Germany,23096796
Dominican Republic,Norway,0
Dominican Republic,Spain,85968611
Dominican Republic,Canada,158788
Dominican Republic,United States,0
Dominican Republic,Brazil,95260200
Dominican Republic,Venezuela,61701000
Dominican Republic,Japan,204832265
Dominican Republic,China,707000
Dominican Republic,South Korea,30295276
Algeria,Belgium,19439851
Algeria,France,60993521
Algeria,Germany,90661
Algeria,Italy,36611045
Algeria,Spain,0
Algeria,Canada,805704
Algeria,Saudi Arabia,6469600
Algeria,Japan,4538258
Algeria,China,66292156
Ecuador,Belgium,2213195
Ecuador,France,642550178
Ecuador,Germany,18230327
Ecuador,Italy,8731187
Ecuador,Norway,322113
Ecuador,Spain,247898213
Ecuador,Russia,73084000
Ecuador,Canada,0
Ecuador,United States,4812000
Ecuador,Brazil,14715000
Ecuador,Japan,92355031
Ecuador,South Korea,72366283
Egypt,Austria,2890486
Egypt,Belgium,0
Egypt,Denmark,23271564
Egypt,France,1434029834
Egypt,Italy,40857235
Egypt,Netherlands,33286452
Egypt,Norway,0
Egypt,Switzerland,19496
Egypt,United Kingdom,51288862
Egypt,Spain,261286535
Egypt,Hungary,402142331
Egypt,Russia,1815356119
Egypt,Canada,514553031
Egypt,United States,137155000
Egypt,South Korea,256634356
Eritrea,Italy,37091773
Eritrea,United States,28050000
Eritrea,Kuwait,5260578
Eritrea,Saudi Arabia,5307000
Eritrea,United Arab Emirates,7990197
Eritrea,India,4944000
Eritrea,China,12808760
Ethiopia,France,246851770
Ethiopia,Germany,15767547
Ethiopia,Italy,131178983
Ethiopia,Turkiye,150000000
Ethiopia,Serbia,101332000
Ethiopia,Czechia,63904
Ethiopia,Bulgaria,8066000
Ethiopia,Poland,93514000
Ethiopia,Russia,162200000
Ethiopia,Libya,237287000
Ethiopia,Canada,0
Ethiopia,Kuwait,76837118
Ethiopia,Saudi Arabia,60639200
Ethiopia,United Arab Emirates,1939006
Ethiopia,India,320868000
Ethiopia,Japan,49491142
Ethiopia,South Korea,228927644
Fiji,India,32683000
Fiji,Japan,189408217
Fiji,China,177689665
Gabon,France,497113461
Gabon,India,725000
Gabon,China,903144455
Georgia,Austria,10846000
Georgia,France,654809205
Georgia,Germany,627419539
Georgia,Netherlands,70395
Georgia,Turkiye,10738000
Georgia,Russia,25435000
Georgia,Armenia,2858000
Georgia,United States,12107000
Georgia,Azerbaijan,3240000
Georgia,Kazakhstan,3524000
Georgia,Turkmenistan,211000
Georgia,Iran,2363000
Georgia,Kuwait,12311713
Georgia,Japan,156057293
Georgia,China,0
Ghana,Austria,0
Ghana,Belgium,27213598
Ghana,France,267648337
Ghana,Germany,281033101
Ghana,Italy,21287202
Ghana,Spain,11163035
Ghana,Turkiye,71105000
Ghana,Czechia,30053588
Ghana,Egypt,211950000
Ghana,Nigeria,871000
Ghana,United States,148426000
Ghana,Brazil,855000
Ghana,Kuwait,50795621
Ghana,Saudi Arabia,19269866
Ghana,India,474539000
Ghana,Japan,0
Ghana,China,1641773494
Ghana,South Korea,160338426
Guinea,Belgium,859679
Guinea,France,78711880
Guinea,Italy,6826240
Guinea,Bulgaria,8003000
Guinea,Romania,1359000
Guinea,Libya,20000000
Guinea,Morocco,7000000
Guinea,Angola,104391000
Guinea,Congo,45762000
Guinea,Iraq,3000000
Guinea,Kuwait,77951315
Guinea,Qatar,52708000
Guinea,Saudi Arabia,111173600
Guinea,India,49465000
Guinea,China,1264301371
Guinea,South Korea,961819
Guinea,Thailand,1290000
Gambia,Belgium,421307
Gambia,Libya,3950000
Gambia,Venezuela,18749000
Gambia,Kuwait,64015683
Gambia,Saudi Arabia,103637333
Gambia,United Arab Emirates,16950034
Gambia,India,64350000
Gambia,China,25050100
Guinea-Bissau,Russia,1500000
Guinea-Bissau,Libya,4309000
Guinea-Bissau,Angola,49146000
Guinea-Bissau,Brazil,1900000
Guinea-Bissau,Kuwait,30463159
Guinea-Bissau,Saudi Arabia,14747466
Guinea-Bissau,India,20017000
Guinea-Bissau,Pakistan,2211000
Grenada,Austria,6712000
Grenada,France,2858900
Grenada,Germany,3395000
Grenada,United Kingdom,1141632
Grenada,Russia,0
Grenada,Algeria,612000
Grenada,Libya,5000000
Grenada,United States,2261000
Grenada,Barbados,2249000
Grenada,Trinidad & Tobago,29903000
Grenada,Venezuela,1384000
Grenada,Kuwait,8093448
Grenada,China,23764242
Guatemala,Germany,40781451
Guatemala,Spain,4691000
Guatemala,Canada,316106
Guatemala,United States,924000
Guatemala,Brazil,83887000
Guatemala,Japan,119540143
Guatemala,China,48300000
Guyana,Italy,1863350
Guyana,United Kingdom,30383382
Guyana,Serbia,588000
Guyana,Libya,15000000
Guyana,United States,337000
Guyana,Argentina,4515000
Guyana,Venezuela,94902000
Guyana,Kuwait,18854000
Guyana,United Arab Emirates,3241388
Guyana,India,25062000
Guyana,China,520331686
Honduras,France,0
Honduras,Germany,51211732
Honduras,Italy,64453024
Honduras,Switzerland,1753587
Honduras,Spain,54543909
Honduras,United States,1204000
Honduras,Brazil,32165000
Honduras,Venezuela,131412000
Honduras,Kuwait,31151772
Honduras,India,14442000
Honduras,Japan,89777610
Honduras,China,146500000
Honduras,South Korea,45375000
Haiti,Venezuela,1839667000
Indonesia,Austria,24078495
Indonesia,Belgium,4552248
Indonesia,Denmark,141562
Indonesia,France,1511211081
Indonesia,Netherlands,4753836
Indonesia,Norway,81328000
Indonesia,Switzerland,21071215
Indonesia,United Kingdom,21072000
Indonesia,Spain,127892096
Indonesia,Czechia,104380000
Indonesia,Hungary,36441000
Indonesia,Russia,108818000
Indonesia,Canada,51749819
Indonesia,United States,95497036
Indonesia,Saudi Arabia,73307733
Indonesia,China,1468114085
Indonesia,South Korea,856472240
Indonesia,Australia,1056023655
India,France,1077012149
India,Italy,296514
India,Sweden,140875346
India,United Kingdom,20268000
India,Spain,0
India,Canada,6892000
India,United States,37874000
Iran,Russia,5452459
Iran,Canada,5968536
Iran,India,52382764
Iran,Japan,10674707
Iran,China,6073000
Iraq,Austria,171514613
Iraq,Belgium,32352000
Iraq,France,978473754
Iraq,Germany,617101695
Iraq,Italy,380621855
Iraq,Netherlands,26560000
Iraq,Sweden,27510000
Iraq,Switzerland,50629177
Iraq,United Kingdom,140925000
Iraq,Finland,141019000
Iraq,Greece,103242000
Iraq,Spain,49492000
Iraq,Serbia,105561000
Iraq,Czechia,24031000
Iraq,Hungary,19504000
Iraq,Romania,213781000
Iraq,Russia,391333000
Iraq,South Africa,13949000
Iraq,Canada,46973000
Iraq,United States,1232102000
Iraq,Kuwait,35941839
Iraq,China,645650000
Iraq,Indonesia,303000
Iraq,South Korea,17095000
Iraq,Malaysia,421000
Iraq,Australia,86302000
Jamaica,Belgium,1718292
Jamaica,Germany,6323871
Jamaica,Netherlands,386109
Jamaica,Canada,2928000
Jamaica,United States,1205000
Jamaica,Venezuela,937000
Jamaica,Iraq,5880000
Jamaica,Kuwait,0
Jamaica,Japan,3004000
Jamaica,China,613506585
Jordan,Denmark,135681
Jordan,France,1012673684
Jordan,Germany,696520731
Jordan,Italy,97469107
Jordan,Spain,32072315
Jordan,United States,14990000
Jordan,Iran,16877000
Jordan,Iraq,217
Jordan,Kuwait,334399607
Jordan,Saudi Arabia,243207200
Jordan,United Arab Emirates,288497902
Jordan,Japan,1095843323
Jordan,China,48686945
Jordan,South Korea,177031798
Kazakhstan,Germany,6859304
Kazakhstan,Kuwait,1842836
Kazakhstan,Japan,249460987
Kazakhstan,China,1708517662
Kenya,Austria,2729429
Kenya,Belgium,94370634
Kenya,Denmark,3497317
Kenya,France,792324018
Kenya,Germany,349326824
Kenya,Italy,9033035
Kenya,Finland,6336670
Kenya,Spain,100676765
Kenya,United States,472166000
Kenya,Kuwait,11050482
Kenya,Saudi Arabia,23169333
Kenya,United Arab Emirates,9327705
Kenya,India,61488000
Kenya,Japan,1448661892
Kenya,South Korea,49722697
Kyrgyzstan,Denmark,2274000
Kyrgyzstan,France,4050946
Kyrgyzstan,Germany,71100622
Kyrgyzstan,Turkiye,74676000
Kyrgyzstan,Kuwait,8067309
Kyrgyzstan,Saudi Arabia,49683466
Kyrgyzstan,United Arab Emirates,8823961
Kyrgyzstan,Japan,179487372
Kyrgyzstan,China,1782227091
Kyrgyzstan,South Korea,11905129
Cambodia,France,493638479
Cambodia,Germany,376509
Cambodia,Russia,457776000
Cambodia,United States,162269000
Cambodia,India,11145000
Cambodia,Japan,1113147380
Cambodia,South Korea,527259985
Cambodia,Thailand,48796177
Cambodia,Vietnam,12490000
Lao PDR,Netherlands,0
Lao PDR,Sweden,4022613
Lao PDR,Hungary,125724000
Lao PDR,Russia,247779000
Lao PDR,Kuwait,18885802
Lao PDR,India,52999000
Lao PDR,Japan,163264229
Lao PDR,South Korea,265679128
Lao PDR,Malaysia,62500000
Lao PDR,Thailand,612385084
Lebanon,Belgium,113059
Lebanon,France,43390354
Lebanon,Germany,11710201
Lebanon,Italy,23468399
Lebanon,Kuwait,249387354
Lebanon,Saudi Arabia,53065333
Lebanon,United Arab Emirates,1333424
Lebanon,Japan,0
Lebanon,China,7157171
Liberia,Kuwait,20248900
Liberia,Saudi Arabia,36903733
Liberia,United Arab Emirates,0
Liberia,India,1260000
Liberia,China,53698233
St. Lucia,France,1092198
St. Lucia,Trinidad & Tobago,7000000
St. Lucia,Kuwait,3849044
Sri Lanka,France,197850243
Sri Lanka,Germany,196894360
Sri Lanka,Sweden,34652000
Sri Lanka,Spain,77615415
Sri Lanka,Hungary,46598687
Sri Lanka,Russia,35416000
Sri Lanka,Canada,18201867
Sri Lanka,United States,124995000
Sri Lanka,Iran,32903000
Sri Lanka,Kuwait,95755595
Sri Lanka,Saudi Arabia,139417866
Sri Lanka,India,1904529000
Sri Lanka,Pakistan,1629000
Sri Lanka,South Korea,363516335
Sri Lanka,Australia,6882000
Lesotho,South Africa,10409545
Lesotho,Kuwait,20963894
Lesotho,Saudi Arabia,17804533
Lesotho,United Arab Emirates,8751259
Lesotho,India,1791000
Lesotho,China,162593186
Morocco,Italy,157210440
Morocco,Netherlands,78485761
Morocco,Portugal,150230610
Morocco,Finland,8854913
Morocco,Spain,247106962
Morocco,Canada,42381466
Morocco,United States,13019000
Morocco,Kuwait,287407286
Morocco,Saudi Arabia,249184266
Morocco,United Arab Emirates,86010891
Morocco,Japan,859645684
Morocco,China,366045260
Moldova,France,79995000
Moldova,Germany,5099414
Moldova,Poland,21791704
Moldova,Romania,0
Moldova,Russia,14500000
Moldova,United States,12809000
Moldova,Japan,52182435
Madagascar,Belgium,6139349
Madagascar,France,142992662
Madagascar,Spain,1381247
Madagascar,Russia,26674000
Madagascar,Algeria,73720000
Madagascar,Angola,3000000
Madagascar,Kuwait,17056036
Madagascar,Saudi Arabia,24283466
Madagascar,United Arab Emirates,0
Madagascar,India,9677000
Madagascar,Japan,120618168
Madagascar,China,314300069
Madagascar,South Korea,36334000
Maldives,Belgium,2026540
Maldives,France,10107101
Maldives,United States,475000
Maldives,Kuwait,45626531
Maldives,Saudi Arabia,112947200
Maldives,United Arab Emirates,3401497
Maldives,India,323620000
Maldives,Japan,52845834
Maldives,China,915605071
Mexico,France,1609613526
Mexico,Germany,571739291
Mexico,Spain,283000
Mexico,Canada,7536595
Mexico,Japan,173968000
North Macedonia,Austria,0
North Macedonia,Germany,70505459
North Macedonia,Italy,0
North Macedonia,Spain,4646109
North Macedonia,Serbia,300781
North Macedonia,United States,533000
North Macedonia,Japan,23678854
North Macedonia,China,517645000
Mali,Austria,4053080
Mali,Belgium,7574993
Mali,France,339723021
Mali,Italy,6965324
Mali,Libya,25063333
Mali,Cote d'Ivoire,0
Mali,Iraq,3956000
Mali,Kuwait,57093067
Mali,Qatar,3920000
Mali,Saudi Arabia,132845866
Mali,United Arab Emirates,311743226
Mali,India,129877092
Mali,China,531869646
Mali,South Korea,80010634
Myanmar,Austria,85013353
Myanmar,France,309402527
Myanmar,Germany,460090709
Myanmar,Italy,29331500
Myanmar,Netherlands,5546320
Myanmar,United Kingdom,22071410
Myanmar,Finland,1788535
Myanmar,Czechia,74621000
Myanmar,Poland,53330000
Myanmar,Saudi Arabia,762171
Myanmar,India,181779000
Myanmar,China,782670370
Myanmar,South Korea,274035545
Myanmar,Thailand,137684883
Montenegro,Austria,314647
Montenegro,Belgium,1520971
Montenegro,France,1840951
Montenegro,Germany,65416711
Montenegro,Italy,8401984
Montenegro,Netherlands,268783
Montenegro,Norway,8823
Montenegro,Switzerland,517736
Montenegro,Spain,23231614
Montenegro,Czechia,0
Montenegro,Hungary,0
Montenegro,Russia,9475000
Montenegro,Canada,4882894
Montenegro,United States,4144000
Montenegro,China,863971000
Mongolia,Austria,73141028
Mongolia,Belgium,3783230
Mongolia,France,51569043
Mongolia,Germany,88867950
Mongolia,Italy,0
Mongolia,Sweden,5000
Mongolia,Spain,1670295
Mongolia,Hungary,0
Mongolia,Poland,27182301
Mongolia,Belarus,21092015
Mongolia,Kuwait,17673582
Mongolia,United Arab Emirates,1083185
Mongolia,India,98627000
Mongolia,Japan,1088659835
Mongolia,South Korea,185198305
Mozambique,Belgium,5798037
Mozambique,France,152786637
Mozambique,Italy,0
Mozambique,Portugal,273704492
Mozambique,Spain,5774102
Mozambique,Bulgaria,57800000
Mozambique,Poland,6917000
Mozambique,Romania,7044000
Mozambique,Russia,59972000
Mozambique,Libya,105335000
Mozambique,Angola,61453000
Mozambique,Brazil,176718000
Mozambique,Iraq,230570000
Mozambique,Kuwait,31194249
Mozambique,Saudi Arabia,32294666
Mozambique,India,278084000
Mozambique,Japan,398499811
Mozambique,China,1703609851
Mozambique,South Korea,244380069
Mauritania,France,79277178
Mauritania,Germany,2279324
Mauritania,Spain,17252223
Mauritania,Libya,21187000
Mauritania,Brazil,36447000
Mauritania,Iraq,43186000
Mauritania,Kuwait,264452696
Mauritania,Saudi Arabia,671077066
Mauritania,United Arab Emirates,17595371
Mauritania,India,110858000
Mauritania,China,326630936
Mauritius,France,449968133
Mauritius,Germany,50130
Mauritius,Kuwait,4032020
Mauritius,Saudi Arabia,47465866
Mauritius,United Arab Emirates,0
Mauritius,India,369553000
Mauritius,Japan,234775725
Mauritius,China,203858374
Malawi,Belgium,1189259
Malawi,Spain,2741000
Malawi,Kuwait,46087240
Malawi,Saudi Arabia,29756266
Malawi,United Arab Emirates,2802450
Malawi,India,114113000
Malawi,China,227925565
Niger,Belgium,28076111
Niger,France,196233068
Niger,Italy,0
Niger,Spain,0
Niger,Libya,16900000
Niger,Congo,40650530
Niger,Iraq,408
Niger,Kuwait,39771279
Niger,Saudi Arabia,68749600
Niger,United Arab Emirates,3689040
Niger,India,68068000
Niger,China,225441121
Nigeria,France,587697800
Nigeria,Germany,144532300
Nigeria,India,82744000
Nigeria,Japan,62306822
Nicaragua,France,143991
Nicaragua,Germany,36486252
Nicaragua,Italy,16261383
Nicaragua,Spain,165430912
Nicaragua,Russia,0
Nicaragua,Libya,81347000
Nicaragua,Costa Rica,315316000
Nicaragua,Honduras,118637000
Nicaragua,Peru,16563000
Nicaragua,Iran,44985000
Nicaragua,Kuwait,31351086
Nicaragua,India,46769000
Nicaragua,Japan,14127402
Nicaragua,China,17952507
Nicaragua,South Korea,188328253
Nepal,Belgium,4765568
Nepal,France,1114597
Nepal,Kuwait,12886783
Nepal,Saudi Arabia,22493600
Nepal,India,288448000
Nepal,Japan,338318884
Nepal,China,261140137
Nepal,South Korea,46677845
Pakistan,Austria,17988209
Pakistan,Belgium,12767467
Pakistan,France,1476950241
Pakistan,Germany,1169907676
Pakistan,Italy,153332702
Pakistan,Netherlands,74663066
Pakistan,Norway,7709949
Pakistan,Sweden,65048545
Pakistan,Switzerland,64366098
Pakistan,United Kingdom,3467136
Pakistan,Finland,2531000
Pakistan,Spain,56242000
Pakistan,Serbia,200000000
Pakistan,Russia,71782000
Pakistan,Libya,1138999
Pakistan,Canada,368314528
Pakistan,United States,1025533000
Pakistan,Kuwait,130733540
Pakistan,Saudi Arabia,1775625400
Pakistan,United Arab Emirates,626190000
Pakistan,South Korea,407480493
Peru,France,5632714
Peru,Germany,477641443
Peru,Netherlands,1170060
Peru,United States,18201000
Peru,Japan,215228044
Philippines,Belgium,4888227
Philippines,France,875074904
Philippines,Germany,89076032
Philippines,Italy,25056567
Philippines,Spain,57242152
Philippines,Canada,142615
Philippines,United States,72837000
Philippines,China,247808027
Philippines,South Korea,549790300
Papua New Guinea,Germany,4873295
Papua New Guinea,India,0
Papua New Guinea,Japan,483731624
Papua New Guinea,China,1171361858
Papua New Guinea,Australia,1347946000
Paraguay,Germany,5624181
Paraguay,Spain,41170000
Paraguay,Venezuela,77694000
Paraguay,Japan,118039954
Russia,India,777359733
Russia,South Korea,209772666
Rwanda,Austria,0
Rwanda,France,117326000
Rwanda,Libya,83871
Rwanda,Kuwait,71426237
Rwanda,Saudi Arabia,76191733
Rwanda,United Arab Emirates,4377671
Rwanda,India,62722000
Rwanda,Japan,142163588
Rwanda,China,332504723
Rwanda,South Korea,27983863
Sudan,Austria,193939878
Sudan,Belgium,135757914
Sudan,Denmark,62562807
Sudan,France,238549206
Sudan,Germany,69503922
Sudan,Italy,248706283
Sudan,Netherlands,72136588
Sudan,Norway,22970385
Sudan,Switzerland,119523422
Sudan,United Kingdom,217886871
Sudan,Ireland,1580908
Sudan,Spain,19672000
Sudan,Turkiye,41903971
Sudan,Serbia,27938000
Sudan,Croatia,39903000
Sudan,Czechia,25359000
Sudan,Hungary,5936000
Sudan,Poland,20130000
Sudan,Romania,125568000
Sudan,Russia,7325953
Sudan,Algeria,83021133
Sudan,Libya,302634300
Sudan,Canada,9285000
Sudan,United States,373798000
Sudan,Iran,102575000
Sudan,Iraq,71558000
Sudan,Kuwait,1133594078
Sudan,Oman,89507000
Sudan,Qatar,29000000
Sudan,Saudi Arabia,2139879933
Sudan,United Arab Emirates,387658134
Sudan,India,526988000
Sudan,Pakistan,9978000
Sudan,Japan,153869379
Sudan,China,1040725493
Sudan,Malaysia,0
Senegal,Austria,2110801
Senegal,Belgium,8698123
Senegal,France,1011827956
Senegal,Germany,13414628
Senegal,Italy,45805137
Senegal,Spain,44615042
Senegal,Turkiye,67210106
Senegal,Czechia,24271549
Senegal,Kuwait,129615423
Senegal,Saudi Arabia,90796580
Senegal,United Arab Emirates,5854867
Senegal,India,178580000
Senegal,Japan,60889559
Senegal,China,1249369979
Senegal,South Korea,98227400
Solomon Islands,Japan,18846588
Sierra Leone,Kuwait,56660676
Sierra Leone,Saudi Arabia,27468000
Sierra Leone,United Arab Emirates,9524029
Sierra Leone,India,23906000
Sierra Leone,China,67550691
Sierra Leone,South Korea,50122000
El Salvador,Germany,96277499
El Salvador,Italy,4266400
El Salvador,Spain,60663457
El Salvador,United States,17973000
El Salvador,Japan,128767433
El Salvador,China,300000
Somalia,Denmark,2738950
Somalia,France,137537003
Somalia,Netherlands,2071337
Somalia,Norway,541886
Somalia,United Kingdom,27981134
Somalia,Spain,40212000
Somalia,Serbia,1512000
Somalia,Bulgaria,5529000
Somalia,Romania,2274000
Somalia,Russia,417759665
Somalia,Algeria,900000
Somalia,Libya,11750000
Somalia,United States,991811000
Somalia,Iraq,31223000
Somalia,Kuwait,125319392
Somalia,Saudi Arabia,58879733
Somalia,United Arab Emirates,94222464
Somalia,Japan,48759894
Serbia,Austria,10290556
Serbia,Belgium,80150723
Serbia,Denmark,2114393
Serbia,France,95659641
Serbia,Germany,374617651
Serbia,Italy,29894782
Serbia,Netherlands,5472724
Serbia,Norway,1308417
Serbia,Sweden,1407823
Serbia,Switzerland,29417817
Serbia,United Kingdom,62796117
Serbia,Spain,151564573
Serbia,Turkiye,171563676
Serbia,Hungary,7271012
Serbia,Poland,790000
Serbia,Russia,924666877
Serbia,Canada,17611699
Serbia,United States,38792000
Serbia,Kuwait,246193581
Serbia,United Arab Emirates,1732346085
Serbia,Japan,182377127
Sao Tome and Principe,Belgium,855413
Sao Tome and Principe,Italy,28793934
Sao Tome and Principe,Portugal,53294802
Sao Tome and Principe,Angola,158837000
Sao Tome and Principe,Equatorial Guinea,1626021
Sao Tome and Principe,Brazil,4564000
Sao Tome and Principe,Kuwait,3267
Suriname,France,38810374
Suriname,Netherlands,12073912
Suriname,Israel,270916
Suriname,Kuwait,0
Suriname,India,37632000
Suriname,China,459669475
Eswatini,Germany,2554507
Eswatini,Italy,9478874
Eswatini,South Africa,1820162
Eswatini,Nigeria,2705964
Eswatini,Kuwait,15487665
Eswatini,United Arab Emirates,5972498
Eswatini,India,1333000
Eswatini,Japan,24756879
Eswatini,China,182385000
Syria,Germany,313186775
Syria,Italy,23527062
Syria,Serbia,32436000
Syria,Bulgaria,8210000
Syria,Russia,525000000
Syria,United States,237024000
Syria,Iran,2855000
Syria,Iraq,4371
Syria,Kuwait,250106191
Syria,Saudi Arabia,66553866
Syria,United Arab Emirates,106692988
Syria,India,30730000
Syria,Japan,362276667
Syria,China,69546235
Syria,Malaysia,42031506
Chad,France,108185238
Chad,Libya,245780000
Chad,Angola,74603000
Chad,Cameroon,27874649
Chad,Congo,99675100
Chad,Equatorial Guinea,24390318
Chad,Kuwait,14562980
Chad,Saudi Arabia,18589866
Chad,India,47036000
Chad,China,275917498
Togo,Belgium,9476741
Togo,France,25861850
Togo,Kuwait,30583238
Togo,Saudi Arabia,13376533
Togo,United Arab Emirates,27784070
Togo,India,58941000
Togo,China,444011030
Thailand,Germany,4807166
Thailand,Canada,3424244
Tajikistan,Germany,16595229
Tajikistan,United States,1330000
Tajikistan,Kuwait,46809345
Tajikistan,Saudi Arabia,105495466
Tajikistan,United Arab Emirates,6707420
Tajikistan,China,986367740
Turkmenistan,Saudi Arabia,29669000
Turkmenistan,United Arab Emirates,0
Turkmenistan,Japan,1661931274
Turkmenistan,China,119485972
Turkmenistan,South Korea,451718000
Timor-Leste,Japan,32461364
Timor-Leste,Australia,0
Tonga,China,97362152
Tunisia,Austria,22078620
Tunisia,Belgium,15677953
Tunisia,France,990132246
Tunisia,Germany,1035280357
Tunisia,Italy,332138173
Tunisia,Spain,315548967
Tunisia,Turkiye,116830000
Tunisia,Algeria,359000000
Tunisia,Libya,70000000
Tunisia,Canada,3964566
Tunisia,United States,4820000
Tunisia,Kuwait,291070348
Tunisia,Qatar,9222000
Tunisia,Saudi Arabia,501430819
Tunisia,United Arab Emirates,49151645
Tunisia,Japan,667779871
Tunisia,China,41244441
Tunisia,South Korea,0
Turkiye,Belgium,3665904
Turkiye,Denmark,82022606
Turkiye,France,977861013
Turkiye,Germany,596868205
Turkiye,Spain,249135955
Turkiye,Hungary,217586
Turkiye,Canada,54551000
Turkiye,Kuwait,32484888
Turkiye,Saudi Arabia,18261600
Turkiye,United Arab Emirates,1540770514
Turkiye,China,922817714
Turkiye,South Korea,166148000
Tanzania,Austria,333845
Tanzania,Belgium,16161959
Tanzania,France,240170588
Tanzania,Sweden,3806834
Tanzania,United Kingdom,885791
Tanzania,Poland,75326000
Tanzania,Romania,105000
Tanzania,Russia,4787000
Tanzania,Algeria,15000000
Tanzania,Libya,56546000
Tanzania,Angola,3406000
Tanzania,Iran,77729000
Tanzania,Iraq,30611072
Tanzania,Kuwait,105989553
Tanzania,Saudi Arabia,2841333
Tanzania,United Arab Emirates,15147991
Tanzania,India,481964572
Tanzania,Japan,570345538
Tanzania,China,1580002006
Tanzania,South Korea,485283000
Uganda,Austria,7129154
Uganda,France,262376873
Uganda,Germany,8299214
Uganda,Italy,0
Uganda,United Kingdom,296976637
Uganda,Spain,11481949
Uganda,Nigeria,9000000
Uganda,Tanzania,35157000
Uganda,Iraq,531
Uganda,Kuwait,32514295
Uganda,Saudi Arabia,36404266
Uganda,United Arab Emirates,10453369
Uganda,India,6001000
Uganda,Japan,243957783
Uganda,South Korea,22371550
Ukraine,France,474426879
Ukraine,Germany,666433012
Ukraine,Italy,213320000
Ukraine,Netherlands,213320000
Ukraine,United Kingdom,22171329
Ukraine,Poland,53128412
Ukraine,Russia,605856000
Ukraine,Canada,1826309314
Ukraine,United States,472000
Ukraine,Japan,1005420278
Ukraine,China,825000000
Uzbekistan,France,605702941
Uzbekistan,Germany,113692093
Uzbekistan,Spain,68790367
Uzbekistan,Poland,6550000
Uzbekistan,Russia,245787304
Uzbekistan,United States,21751000
Uzbekistan,Kuwait,76111746
Uzbekistan,Saudi Arabia,138740800
Uzbekistan,United Arab Emirates,7786793
Uzbekistan,China,1929860698
Uzbekistan,South Korea,147605296
St. Vincent and the Grenadines,United Kingdom,2386000
St. Vincent and the Grenadines,United States,1283000
St. Vincent and the Grenadines,Trinidad & Tobago,3747609
St. Vincent and the Grenadines,Kuwait,6593693
St. Vincent and the Grenadines,United Arab Emirates,12484683
Vietnam,Austria,7199550
Vietnam,Belgium,7774447
Vietnam,Denmark,11419019
Vietnam,France,870152545
Vietnam,Germany,420483445
Vietnam,Italy,4154407
Vietnam,Sweden,295464000
Vietnam,Switzerland,609802
Vietnam,Finland,339178
Vietnam,Spain,10667045
Vietnam,Hungary,19138003
Vietnam,Poland,9266620
Vietnam,Russia,1391744000
Vietnam,Algeria,19061000
Vietnam,Kuwait,53102434
Vietnam,Saudi Arabia,37109066
Vietnam,India,25124455
Vietnam,China,965791312
Vietnam,North Korea,0
Vietnam,South Korea,1223446752
Vanuatu,Japan,65179042
Vanuatu,China,178737331
Samoa,Japan,24591029
Samoa,China,131100486
Kosovo,France,0
Kosovo,Germany,25010703
Kosovo,Saudi Arabia,1405066
Yemen,Denmark,1682000
Yemen,France,62069720
Yemen,Germany,762619
Yemen,Italy,39644289
Yemen,Netherlands,1175393
Yemen,Spain,16048000
Yemen,Russia,1096861000
Yemen,United States,95085000
Yemen,Iraq,6792000
Yemen,Kuwait,176126450
Yemen,Saudi Arabia,1300820266
Yemen,Japan,179276290
Yemen,China,152143246
Yemen,South Korea,28241876
South Africa,France,506674325
South Africa,Germany,199065611
Zambia,Belgium,691156
Zambia,France,96683797
Zambia,United Kingdom,240642000
Zambia,Bulgaria,1629492
Zambia,Russia,128085860
Zambia,South Africa,236331000
Zambia,United States,45364000
Zambia,Iraq,5515
Zambia,Kuwait,14768828
Zambia,Saudi Arabia,56994666
Zambia,United Arab Emirates,0
Zambia,India,329341000
Zambia,Japan,46181681
Zambia,South Korea,0
Zimbabwe,Austria,6098818
Zimbabwe,Belgium,2008407
Zimbabwe,France,121782254
Zimbabwe,Germany,387394875
Zimbabwe,Italy,92724693
Zimbabwe,Netherlands,29748546
Zimbabwe,Norway,23272768
Zimbabwe,Switzerland,5415
Zimbabwe,United Kingdom,29829682
Zimbabwe,Finland,67115265
Zimbabwe,Spain,20137000
Zimbabwe,United States,117526000
Zimbabwe,Brazil,34741000
Zimbabwe,Kuwait,23308906
Zimbabwe,India,66998000
Zimbabwe,Japan,154979268
Zimbabwe,China,2001634155
Afghanistan,IMF,494519760
Albania,IMF,386710917.9
Angola,IMF,4209554000
Argentina,IMF,44822865025
Armenia,IMF,468816263.1
Bahamas,IMF,238944000
Bangladesh,IMF,926174061
Barbados,IMF,440389250
Benin,IMF,696325653
Bosnia and Herzegovina,IMF,478940093.8
Burkina Faso,IMF,299040250
Burundi,IMF,80434000
Cabo Verde,IMF,45797600
Cameroon,IMF,1265460000
Central African Republic,IMF,265448575
Chad,IMF,734163458.5
Colombia,IMF,4912500000
Comoros,IMF,22959485.75
Congo,IMF,1496282000
Congo,IMF,212220000
Costa Rica,IMF,1294542000
Cote d'Ivoire,IMF,2027479580
Djibouti,IMF,41658000
Dominica,IMF,18300700
Dominican Republic,IMF,625394000
Ecuador,IMF,7986218500
Egypt,IMF,17677559205
El Salvador,IMF,376232000
Equatorial Guinea,IMF,100263470
Eswatini,IMF,102835000
Ethiopia,IMF,687160500
Gabon,IMF,993500725
Gambia,IMF,126815205
Georgia,IMF,614390000
Ghana,IMF,1684614150
Grenada,IMF,33032960
Guinea,IMF,467202985
Guinea-Bissau,IMF,39957096
Haiti,IMF,146648736
Honduras,IMF,556304600
Jamaica,IMF,731505143.6
Jordan,IMF,1924705383
Kenya,IMF,2314359053
Kosovo,IMF,54103000
Kyrgyzstan,IMF,297466154
Lesotho,IMF,47951240
Liberia,IMF,258720808
Madagascar,IMF,836250814
Malawi,IMF,431275580
Maldives,IMF,27772000
Mali,IMF,514525556
Mauritania,IMF,305156640
Moldova,IMF,621090653.9
Mongolia,IMF,274192196.2
Montenegro,IMF,79255000
Morocco,IMF,1964738000
Mozambique,IMF,582862663.6
Myanmar,IMF,677008000
Namibia,IMF,250341000
Nepal,IMF,336394900
Nicaragua,IMF,170300000
Niger,IMF,477905030
Nigeria,IMF,3215395000
North Macedonia,IMF,294068800
Pakistan,IMF,7496038335
Panama,IMF,493608000
Papua New Guinea,IMF,344792000
Rwanda,IMF,301676625
Samoa,IMF,21981800
Sao Tome and Principe,IMF,33105011.31
Senegal,IMF,974928200
Serbia,IMF,1029345600
Seychelles,IMF,119021687.5
Sierra Leone,IMF,487096514
Solomon Islands,IMF,27773503.88
Somalia,IMF,364743011.8
South Africa,IMF,3997072000
South Sudan,IMF,209469000
Sri Lanka,IMF,1045227613
St. Lucia,IMF,28034000
St. Vincent and the Grenadines,IMF,27120209.5
Sudan,IMF,1298931810
Suriname,IMF,103228000
Tajikistan,IMF,182352000
Tanzania,IMF,672239600
Togo,IMF,321124230
Tonga,IMF,18078000
Tunisia,IMF,2018256097
Uganda,IMF,827592500
Ukraine,IMF,9966865364
Uzbekistan,IMF,361036000
Vanuatu,IMF,5567500
Yemen,IMF,25545000
Zambia,IMF,183242800
Afghanistan,World Bank,0
Albania,World Bank,50800000
Algeria,World Bank,0
Andorra,World Bank,0
Angola,World Bank,839900000
Argentina,World Bank,998000000
Armenia,World Bank,27500000
Aruba,World Bank,0
Australia,World Bank,0
Austria,World Bank,0
Azerbaijan,World Bank,46900000
Bahamas,World Bank,0
Bahrain,World Bank,0
Bangladesh,World Bank,1766400000
Barbados,World Bank,0
Belarus,World Bank,34700000
Belgium,World Bank,0
Belize,World Bank,800000
Benin,World Bank,257800000
Bhutan,World Bank,64500000
Bolivia,World Bank,109800000
Bosnia and Herzegovina,World Bank,43100000
Brazil,World Bank,1548600000
Botswana,World Bank,68200000
Bulgaria,World Bank,0
Burkina Faso,World Bank,175800000
Burundi,World Bank,0
Cabo Verde,World Bank,59700000
Cambodia,World Bank,273100000
Cameroon,World Bank,309300000
Canada,World Bank,0
Central African Republic,World Bank,0
Chad,World Bank,0
Chile,World Bank,0
China,World Bank,937500000
Colombia,World Bank,2115400000
Comoros,World Bank,13000000
Congo,World Bank,463800000
Congo,World Bank,157400000
Costa Rica,World Bank,307100000
Cote d'Ivoire,World Bank,794700000
Cyprus,World Bank,0
Denmark,World Bank,0
Djibouti,World Bank,33200000
Dominica,World Bank,37300000
Dominican Republic,World Bank,32900000
Ecuador,World Bank,1468100000
Egypt,World Bank,838800000
El Salvador,World Bank,156200000
Equatorial Guinea,World Bank,0
Eritrea,World Bank,0
Estonia,World Bank,0
Eswatini,World Bank,92200000
Ethiopia,World Bank,747600000
Fiji,World Bank,153500000
Finland,World Bank,0
Gabon,World Bank,43500000
Gambia,World Bank,5000000
Georgia,World Bank,132500000
Germany,World Bank,0
Ghana,World Bank,412700000
Greece,World Bank,0
Grenada,World Bank,31200000
Guatemala,World Bank,505900000
Guinea,World Bank,35100000
Guinea-Bissau,World Bank,19900000
Guyana,World Bank,32100000
Haiti,World Bank,0
Honduras,World Bank,16200000
Hungary,World Bank,0
Iceland,World Bank,0
India,World Bank,2458900000
Indonesia,World Bank,2719500000
Iran,World Bank,85400000
Iraq,World Bank,174400000
Ireland,World Bank,0
Israel,World Bank,0
Italy,World Bank,0
Jamaica,World Bank,7000000
Japan,World Bank,0
Jordan,World Bank,346700000
Kazakhstan,World Bank,463700000
Kenya,World Bank,1452600000
Kiribati,World Bank,0
Kosovo,World Bank,63600000
Kuwait,World Bank,0
Kyrgyzstan,World Bank,47200000
Lao PDR,World Bank,81800000
Latvia,World Bank,0
Lebanon,World Bank,221400000
Lesotho,World Bank,37600000
Liberia,World Bank,121200000
Libya,World Bank,0
Liechtenstein,World Bank,0
Lithuania,World Bank,0
Luxembourg,World Bank,0
Madagascar,World Bank,170000000
Malawi,World Bank,220700000
Malaysia,World Bank,0
Maldives,World Bank,2500000
Mali,World Bank,45500000
Malta,World Bank,0
Marshall Islands,World Bank,0
Mauritania,World Bank,0
Mauritania,World Bank,800000
Mexico,World Bank,717200000
Micronesia,World Bank,0
Moldova,World Bank,183300000
Mongolia,World Bank,51100000
Montenegro,World Bank,10700000
Morocco,World Bank,1210500000
Mozambique,World Bank,53500000
Myanmar,World Bank,7600000
Namibia,World Bank,0
Nauru,World Bank,0
Nepal,World Bank,473300000
Netherlands Antilles,World Bank,0
Netherlands,World Bank,0
New Zealand,World Bank,0
Nicaragua,World Bank,56500000
Niger,World Bank,565600000
Nigeria,World Bank,2555400000
North Macedonia,World Bank,59600000
Norway,World Bank,0
Oman,World Bank,0
Pakistan,World Bank,1262300000
Palau,World Bank,0
Panama,World Bank,0
Papua New Guinea,World Bank,28800000
Paraguay,World Bank,40200000
Peru,World Bank,596100000
Philippines,World Bank,1268500000
Poland,World Bank,0
Portugal,World Bank,0
Qatar,World Bank,0
Romania,World Bank,0
Russia,World Bank,600000
Rwanda,World Bank,283400000
Samoa,World Bank,0
San Marino,World Bank,0
Sao Tome and Principe,World Bank,0
Saudi Arabia,World Bank,0
Senegal,World Bank,620200000
Serbia,World Bank,120400000
Seychelles,World Bank,0
Sierra Leone,World Bank,28400000
Singapore,World Bank,0
Slovenia,World Bank,0
Solomon Islands,World Bank,15000000
Somalia,World Bank,0
South Africa,World Bank,1141800000
Spain,World Bank,0
Sri Lanka,World Bank,452100000
St. Lucia,World Bank,13700000
St. Vincent and the Grenadines,World Bank,18300000
Sudan,World Bank,0
Suriname,World Bank,1100000
Sweden,World Bank,0
Switzerland,World Bank,0
Syria,World Bank,0
Tajikistan,World Bank,41100000
Tanzania,World Bank,1476900000
Thailand,World Bank,0
Timor-Leste,World Bank,5200000
Togo,World Bank,87500000
Tonga,World Bank,0
Tunisia,World Bank,371500000
Turkiye,World Bank,1163400000
Turkmenistan,World Bank,5000000
Tuvalu,World Bank,0
Uganda,World Bank,311900000
Ukraine,World Bank,2719400000
United Arab Emirates,World Bank,0
United Kingdom,World Bank,0
United States,World Bank,0
Uruguay,World Bank,0
Uzbekistan,World Bank,1303900000
Vanuatu,World Bank,5800000
Venezuela,World Bank,0
Vietnam,World Bank,809800000
Yemen,World Bank,0
Zambia,World Bank,766200000
Zimbabwe,World Bank,0